3.82E-11,9.07E-11,5.17E-11,9.72E-11,1.02E-10,7.61E-11,3.81E-11,6.85E-11,4.18E-11,7.53E-11,6.80E-11,AVERAGE RESULTS->>>,AbsJ,,J,,I,,,COLLAPSE RESULTS->>>,Final AbsJ,,Final J,,Final I,,1.64E-05,9.84E-06,3.82E-11
8.57E-11,3.69E-11,1.92E-11,5.27E-11,5.44E-11,5.26E-11,4.08E-11,5.71E-11,3.55E-11,5E-11,4.85E-11,,2.92E-05,8.39E-01,0.000017519,5.03E-01,6.80E-11,1.95E-06,,,4.19E-01,,2.52E-01,,9.75E-07,,3.73E-05,2.21E-05,8.57E-11
1.96E-06,0.00000195,0.00000195,0.00000195,0.00000195,0.00000195,0.00000195,0.00000195,0.00000195,0.00000195,1.95E-06,,2.10E-05,1.68E+00,0.000012488,1.00E+00,4.85E-11,3.90E-06,,,8.38E-01,,5.03E-01,,1.95E-06,,0.84112,0.50467,1.96E-06
3.91E-06,0.0000039,0.0000039,0.0000039,0.0000039,0.0000039,0.0000039,0.0000039,0.0000039,0.0000039,3.90E-06,,8.39E-01,2.51E+00,0.503243,1.51E+00,1.95E-06,5.84E-06,,,1.67E+00,,1.00E+00,,3.90E-06,,1.6797,1.0078,3.91E-06
5.86E-06,0.00000585,0.00000584,0.00000584,0.00000584,0.00000584,0.00000584,0.00000584,0.00000584,0.00000584,5.84E-06,,1.68E+00,3.35E+00,1.00514,2.01E+00,3.90E-06,7.79E-06,,,2.51E+00,,1.51E+00,,5.84E-06,,2.5182,1.5109,5.86E-06
7.80E-06,0.00000779,0.00000779,0.00000779,0.00000778,0.00000778,0.00000778,0.00000778,0.00000778,0.00000778,7.79E-06,,2.51E+00,4.18E+00,1.50682,2.51E+00,5.84E-06,9.72E-06,,,3.35E+00,,2.01E+00,,7.78E-06,,3.3556,2.0133,7.80E-06
9.74E-06,0.00000972,0.00000972,0.00000972,0.00000972,0.00000972,0.00000972,0.00000972,0.00000972,0.00000972,9.72E-06,,3.35E+00,5.02E+00,2.00793,3.01E+00,7.79E-06,1.17E-05,,,4.18E+00,,2.51E+00,,9.74E-06,,4.1932,2.5159,9.74E-06
1.17E-05,0.0000117,0.0000117,0.0000117,0.0000117,0.0000117,0.0000117,0.0000117,0.0000117,0.0000117,1.17E-05,,4.18E+00,5.85E+00,2.50866,3.51E+00,9.72E-06,1.36E-05,,,5.02E+00,,3.01E+00,,1.17E-05,,5.0314,3.0188,1.17E-05
1.37E-05,0.0000136,0.0000136,0.0000136,0.0000136,0.0000136,0.0000136,0.0000136,0.0000136,0.0000136,1.36E-05,,5.02E+00,6.69E+00,3.01045,4.01E+00,1.17E-05,1.56E-05,,,5.85E+00,,3.51E+00,,1.36E-05,,5.8755,3.5253,1.37E-05
1.56E-05,0.0000156,0.0000156,0.0000156,0.0000156,0.0000156,0.0000155,0.0000155,0.0000155,0.0000155,1.56E-05,,5.85E+00,7.52E+00,3.51268,4.51E+00,1.36E-05,1.75E-05,,,6.69E+00,,4.01E+00,,1.56E-05,,6.7092,4.0255,1.56E-05
1.76E-05,0.0000175,0.0000175,0.0000175,0.0000175,0.0000175,0.0000175,0.0000175,0.0000175,0.0000175,1.75E-05,,6.69E+00,8.36E+00,4.01437,5.02E+00,1.56E-05,1.95E-05,,,7.53E+00,,4.52E+00,,1.75E-05,,7.5428,4.5257,1.76E-05
1.95E-05,0.0000195,0.0000195,0.0000195,0.0000195,0.0000195,0.0000195,0.0000195,0.0000194,0.0000194,1.95E-05,,7.53E+00,8.36E+00,4.51532,5.02E+00,1.75E-05,1.95E-05,,,7.94E+00,,4.77E+00,,1.85E-05,,8.3759,5.0256,1.95E-05
1.95E-05,0.0000195,0.0000195,0.0000195,0.0000195,0.0000195,0.0000195,0.0000195,0.0000194,0.0000194,1.95E-05,,8.36E+00,,5.01608,,1.95E-05,,,,4.17E-01,,-2.50E-01,,-9.70E-07,,8.3744,5.0246,1.95E-05
1.75E-05,0.0000175,0.0000175,0.0000175,0.0000175,0.0000175,0.0000175,0.0000175,0.0000175,0.0000175,1.75E-05,,8.36E+00,,5.01594,,1.95E-05,,,,8.35E-01,,-5.01E-01,,-1.94E-06,,7.5367,4.522,1.75E-05
1.56E-05,0.0000156,0.0000156,0.0000156,0.0000156,0.0000156,0.0000155,0.0000155,0.0000155,0.0000155,1.56E-05,,7.52E+00,,4.51484,,1.75E-05,,,,1.67E+00,,-1.00E+00,,-3.89E-06,,6.6972,4.0183,1.56E-05
1.37E-05,0.0000136,0.0000136,0.0000136,0.0000136,0.0000136,0.0000136,0.0000136,0.0000136,0.0000136,1.36E-05,,6.69E+00,,4.0135,,1.56E-05,,,,2.51E+00,,-1.50E+00,,-5.83E-06,,5.8757,3.5254,1.37E-05
1.17E-05,0.0000117,0.0000117,0.0000117,0.0000117,0.0000117,0.0000117,0.0000117,0.0000117,0.0000117,1.17E-05,,5.85E+00,,3.51252,,1.36E-05,,,,3.34E+00,,-2.01E+00,,-7.78E-06,,5.0369,3.0222,1.17E-05
9.76E-06,0.00000972,0.00000972,0.00000972,0.00000972,0.00000972,0.00000972,0.00000972,0.00000972,0.00000972,9.72E-06,,5.02E+00,,3.01067,,1.17E-05,,,,4.18E+00,,-2.51E+00,,-9.74E-06,,4.1972,2.5183,9.76E-06
7.82E-06,0.00000779,0.00000779,0.00000779,0.00000778,0.00000778,0.00000778,0.00000779,0.00000778,0.00000778,7.79E-06,,4.18E+00,,2.50877,,9.72E-06,,,,5.01E+00,,-3.01E+00,,-1.17E-05,,3.3595,2.0157,7.82E-06
5.86E-06,0.00000585,0.00000584,0.00000584,0.00000584,0.00000584,0.00000584,0.00000584,0.00000584,0.00000584,5.84E-06,,3.35E+00,,2.00803,,7.79E-06,,,,5.85E+00,,-3.51E+00,,-1.36E-05,,2.5174,1.5105,5.86E-06
3.91E-06,0.0000039,0.0000039,0.0000039,0.0000039,0.0000039,0.0000039,0.0000039,0.0000039,0.0000039,3.90E-06,,2.51E+00,,1.5067,,5.84E-06,,,,6.69E+00,,-4.01E+00,,-1.56E-05,,1.6786,1.0071,3.91E-06
1.95E-06,0.00000195,0.00000195,0.00000195,0.00000195,0.00000195,0.00000195,0.00000195,0.00000195,0.00000195,1.95E-06,,1.68E+00,,1.00499,,3.90E-06,,,,7.52E+00,,-4.51E+00,,-1.75E-05,,0.83946,0.50367,1.95E-06
8.18E-11,3.07E-11,9.53E-11,4.69E-11,4.88E-11,5.03E-11,2.86E-11,5.12E-11,9.75E-11,8.17E-11,6.13E-11,,8.39E-01,,0.50312,,1.95E-06,,,,7.94E+00,,-4.76E+00,,-1.85E-05,,3.56E-05,2.11E-05,8.18E-11
-1.95E-06,-0.00000194,-0.00000194,-0.00000194,-0.00000194,-0.00000194,-0.00000194,-0.00000194,-0.00000194,-0.00000194,-1.94E-06,,2.92E-05,8.35E-01,0.000017519,-5.01E-01,6.80E-11,-1.94E-06,,,,,,,,,0.83622,-0.50173,-1.95E-06
-3.89E-06,-0.00000389,-0.00000389,-0.00000389,-0.00000389,-0.00000389,-0.00000389,-0.00000389,-0.00000389,-0.00000389,-3.89E-06,,2.69E-05,1.67E+00,0.00001581,-1.00E+00,6.13E-11,-3.89E-06,,,,,,,,,1.6742,-1.0045,-3.89E-06
-5.85E-06,-0.00000584,-0.00000584,-0.00000584,-0.00000584,-0.00000584,-0.00000583,-0.00000583,-0.00000583,-0.00000583,-5.84E-06,,8.35E-01,2.51E+00,-0.500782,-1.50E+00,-1.94E-06,-5.84E-06,,,,,,,,,2.5116,-1.5069,-5.85E-06
-7.79E-06,-0.00000778,-0.00000778,-0.00000778,-0.00000778,-0.00000778,-0.00000778,-0.00000777,-0.00000777,-0.00000777,-7.78E-06,,1.67E+00,3.34E+00,-1.00264,-2.01E+00,-3.89E-06,-7.78E-06,,,,,,,,,3.3479,-2.0088,-7.79E-06
-9.72E-06,-0.00000972,-0.00000972,-0.00000972,-0.00000972,-0.00000972,-0.00000972,-0.00000972,-0.00000972,-0.00000972,-9.72E-06,,2.51E+00,4.18E+00,-1.50429,-2.51E+00,-5.84E-06,-9.72E-06,,,,,,,,,4.1834,-2.5101,-9.72E-06
-1.17E-05,-0.0000117,-0.0000117,-0.0000117,-0.0000117,-0.0000117,-0.0000117,-0.0000117,-0.0000117,-0.0000117,-1.17E-05,,3.34E+00,5.01E+00,-2.00535,-3.01E+00,-7.78E-06,-1.17E-05,,,,,,,,,5.0208,-3.0125,-1.17E-05
-1.36E-05,-0.0000136,-0.0000136,-0.0000136,-0.0000136,-0.0000136,-0.0000136,-0.0000136,-0.0000136,-0.0000136,-1.36E-05,,4.18E+00,5.85E+00,-2.50622,-3.51E+00,-9.72E-06,-1.36E-05,,,,,,,,,5.8577,-3.5146,-1.36E-05
-1.56E-05,-0.0000156,-0.0000156,-0.0000156,-0.0000155,-0.0000155,-0.0000155,-0.0000155,-0.0000155,-0.0000155,-1.55E-05,,5.01E+00,6.69E+00,-3.00803,-4.01E+00,-1.17E-05,-1.55E-05,,,,,,,,,6.6951,-4.0171,-1.56E-05
-1.75E-05,-0.0000175,-0.0000175,-0.0000175,-0.0000175,-0.0000175,-0.0000175,-0.0000175,-0.0000175,-0.0000175,-1.75E-05,,5.85E+00,7.52E+00,-3.50991,-4.51E+00,-1.36E-05,-1.75E-05,,,,,,,,,7.5306,-4.5183,-1.75E-05
-1.95E-05,-0.0000195,-0.0000195,-0.0000195,-0.0000195,-0.0000194,-0.0000194,-0.0000194,-0.0000194,-0.0000194,-1.95E-05,,6.69E+00,8.36E+00,-4.01198,-5.01E+00,-1.55E-05,-1.95E-05,,,,,,,,,8.3664,-5.0198,-1.95E-05
-1.95E-05,-0.0000195,-0.0000195,-0.0000195,-0.0000195,-0.0000194,-0.0000194,-0.0000194,-0.0000194,-0.0000194,-1.95E-05,,7.52E+00,8.36E+00,-4.51289,-5.01E+00,-1.75E-05,-1.95E-05,,,,,,,,,8.3659,-5.0195,-1.95E-05
-1.75E-05,-0.0000175,-0.0000175,-0.0000175,-0.0000175,-0.0000175,-0.0000175,-0.0000175,-0.0000175,-0.0000175,-1.75E-05,,8.36E+00,,-5.01397,,-1.95E-05,,,,,,,,,,7.5298,-4.5179,-1.75E-05
-1.56E-05,-0.0000156,-0.0000156,-0.0000156,-0.0000155,-0.0000155,-0.0000155,-0.0000155,-0.0000155,-0.0000155,-1.55E-05,,8.36E+00,,-5.01397,,-1.95E-05,,,,,,,,,,6.6938,-4.0163,-1.56E-05
-1.36E-05,-0.0000136,-0.0000136,-0.0000136,-0.0000136,-0.0000136,-0.0000136,-0.0000136,-0.0000136,-0.0000136,-1.36E-05,,7.52E+00,,-4.51289,,-1.75E-05,,,,,,,,,,5.8559,-3.5136,-1.36E-05
-1.17E-05,-0.0000117,-0.0000117,-0.0000117,-0.0000117,-0.0000117,-0.0000117,-0.0000117,-0.0000117,-0.0000117,-1.17E-05,,6.69E+00,,-4.01193,,-1.55E-05,,,,,,,,,,5.0183,-3.011,-1.17E-05
-9.72E-06,-0.00000972,-0.00000972,-0.00000972,-0.00000972,-0.00000972,-0.00000972,-0.00000972,-0.00000972,-0.00000972,-9.72E-06,,5.85E+00,,-3.50986,,-1.36E-05,,,,,,,,,,4.1811,-2.5086,-9.72E-06
-7.78E-06,-0.00000778,-0.00000778,-0.00000778,-0.00000778,-0.00000778,-0.00000778,-0.00000777,-0.00000777,-0.00000777,-7.78E-06,,5.01E+00,,-3.00793,,-1.17E-05,,,,,,,,,,3.3454,-2.0072,-7.78E-06
-5.84E-06,-0.00000584,-0.00000584,-0.00000584,-0.00000584,-0.00000583,-0.00000583,-0.00000583,-0.00000583,-0.00000583,-5.84E-06,,4.18E+00,,-2.50608,,-9.72E-06,,,,,,,,,,2.5094,-1.5056,-5.84E-06
-3.89E-06,-0.00000389,-0.00000389,-0.00000389,-0.00000389,-0.00000389,-0.00000389,-0.00000389,-0.00000389,-0.00000389,-3.89E-06,,3.34E+00,,-2.00518,,-7.78E-06,,,,,,,,,,1.6726,-1.0035,-3.89E-06
-1.94E-06,-0.00000194,-0.00000194,-0.00000194,-0.00000194,-0.00000194,-0.00000194,-0.00000194,-0.00000194,-0.00000194,-1.94E-06,,2.51E+00,,-1.50417,,-5.84E-06,,,,,,,,,,0.83536,-0.50122,-1.94E-06
9.07E-11,,,,,,,,,,,,1.67E+00,,-1.00254,,-3.89E-06,,,,,,,,,,3.90E-05,2.34E-05,9.07E-11
3.69E-11,,,,,,,,,,,,8.35E-01,,-0.500734,,-1.94E-06,,,,,,,,,,1.59E-05,9.49E-06,3.69E-11
1.95E-06,,,,,,,,,,,,,,,,,,,,,,,,,,0.83915,0.50349,1.95E-06
3.90E-06,,,,,,,,,,,,,,,,,,,,,,,,,,1.6761,1.0057,3.90E-06
5.85E-06,,,,,,,,,,,,,,,,,,,,,,,,,,2.5127,1.5076,5.85E-06
7.79E-06,,,,,,,,,,,,,,,,,,,,,,,,,,3.3483,2.009,7.79E-06
9.72E-06,,,,,,,,,,,,,,,,,,,,,,,,,,4.1831,2.5099,9.72E-06
1.17E-05,,,,,,,,,,,,,,,,,,,,,,,,,,5.02,3.012,1.17E-05
1.36E-05,,,,,,,,,,,,,,,,,,,,,,,,,,5.857,3.5142,1.36E-05
1.56E-05,,,,,,,,,,,,,,,,,,,,,,,,,,6.694,4.0164,1.56E-05
1.75E-05,,,,,,,,,,,,,,,,,,,,,,,,,,7.5298,4.5179,1.75E-05
1.95E-05,,,,,,,,,,,,,,,,,,,,,,,,,,8.3651,5.019,1.95E-05
1.95E-05,,,,,,,,,,,,,,,,,,,,,,,,,,8.3649,5.0189,1.95E-05
1.75E-05,,,,,,,,,,,,,,,,,,,,,,,,,,7.5294,4.5176,1.75E-05
1.56E-05,,,,,,,,,,,,,,,,,,,,,,,,,,6.6936,4.0161,1.56E-05
1.36E-05,,,,,,,,,,,,,,,,,,,,,,,,,,5.8563,3.5138,1.36E-05
1.17E-05,,,,,,,,,,,,,,,,,,,,,,,,,,5.0196,3.0117,1.17E-05
9.72E-06,,,,,,,,,,,,,,,,,,,,,,,,,,4.1828,2.5097,9.72E-06
7.79E-06,,,,,,,,,,,,,,,,,,,,,,,,,,3.3478,2.0087,7.79E-06
5.85E-06,,,,,,,,,,,,,,,,,,,,,,,,,,2.5123,1.5074,5.85E-06
3.90E-06,,,,,,,,,,,,,,,,,,,,,,,,,,1.6758,1.0055,3.90E-06
1.95E-06,,,,,,,,,,,,,,,,,,,,,,,,,,0.83898,0.50339,1.95E-06
3.07E-11,,,,,,,,,,,,,,,,,,,,,,,,,,1.42E-05,7.92E-06,3.07E-11
-1.94E-06,,,,,,,,,,,,,,,,,,,,,,,,,,0.83497,-0.50098,-1.94E-06
-3.89E-06,,,,,,,,,,,,,,,,,,,,,,,,,,1.6718,-1.0031,-3.89E-06
-5.84E-06,,,,,,,,,,,,,,,,,,,,,,,,,,2.5082,-1.5049,-5.84E-06
-7.78E-06,,,,,,,,,,,,,,,,,,,,,,,,,,3.3437,-2.0062,-7.78E-06
-9.72E-06,,,,,,,,,,,,,,,,,,,,,,,,,,4.1788,-2.5073,-9.72E-06
-1.17E-05,,,,,,,,,,,,,,,,,,,,,,,,,,5.0155,-3.0093,-1.17E-05
-1.36E-05,,,,,,,,,,,,,,,,,,,,,,,,,,5.8523,-3.5114,-1.36E-05
-1.56E-05,,,,,,,,,,,,,,,,,,,,,,,,,,6.6893,-4.0136,-1.56E-05
-1.75E-05,,,,,,,,,,,,,,,,,,,,,,,,,,7.5245,-4.5147,-1.75E-05
-1.95E-05,,,,,,,,,,,,,,,,,,,,,,,,,,8.3599,-5.0159,-1.95E-05
-1.95E-05,,,,,,,,,,,,,,,,,,,,,,,,,,8.3599,-5.0159,-1.95E-05
-1.75E-05,,,,,,,,,,,,,,,,,,,,,,,,,,7.5244,-4.5147,-1.75E-05
-1.56E-05,,,,,,,,,,,,,,,,,,,,,,,,,,6.6891,-4.0135,-1.56E-05
-1.36E-05,,,,,,,,,,,,,,,,,,,,,,,,,,5.8521,-3.5113,-1.36E-05
-1.17E-05,,,,,,,,,,,,,,,,,,,,,,,,,,5.0151,-3.0091,-1.17E-05
-9.72E-06,,,,,,,,,,,,,,,,,,,,,,,,,,4.1782,-2.5069,-9.72E-06
-7.78E-06,,,,,,,,,,,,,,,,,,,,,,,,,,3.343,-2.0058,-7.78E-06
-5.84E-06,,,,,,,,,,,,,,,,,,,,,,,,,,2.5077,-1.5046,-5.84E-06
-3.89E-06,,,,,,,,,,,,,,,,,,,,,,,,,,1.6714,-1.0028,-3.89E-06
-1.94E-06,,,,,,,,,,,,,,,,,,,,,,,,,,0.8348,-0.50088,-1.94E-06
5.17E-11,,,,,,,,,,,,,,,,,,,,,,,,,,2.22E-05,1.33E-05,5.17E-11
1.92E-11,,,,,,,,,,,,,,,,,,,,,,,,,,8.32E-06,4.95E-06,1.92E-11
1.95E-06,,,,,,,,,,,,,,,,,,,,,,,,,,0.8387,0.50322,1.95E-06
3.90E-06,,,,,,,,,,,,,,,,,,,,,,,,,,1.6752,1.0051,3.90E-06
5.84E-06,,,,,,,,,,,,,,,,,,,,,,,,,,2.5113,1.5068,5.84E-06
7.79E-06,,,,,,,,,,,,,,,,,,,,,,,,,,3.3465,2.0079,7.79E-06
9.72E-06,,,,,,,,,,,,,,,,,,,,,,,,,,4.1808,2.5085,9.72E-06
1.17E-05,,,,,,,,,,,,,,,,,,,,,,,,,,5.0172,3.0103,1.17E-05
1.36E-05,,,,,,,,,,,,,,,,,,,,,,,,,,5.8536,3.5122,1.36E-05
1.56E-05,,,,,,,,,,,,,,,,,,,,,,,,,,6.6901,4.0141,1.56E-05
1.75E-05,,,,,,,,,,,,,,,,,,,,,,,,,,7.5253,4.5152,1.75E-05
1.95E-05,,,,,,,,,,,,,,,,,,,,,,,,,,8.3602,5.0161,1.95E-05
1.95E-05,,,,,,,,,,,,,,,,,,,,,,,,,,8.3601,5.0161,1.95E-05
1.75E-05,,,,,,,,,,,,,,,,,,,,,,,,,,7.525,4.515,1.75E-05
1.56E-05,,,,,,,,,,,,,,,,,,,,,,,,,,6.6898,4.0139,1.56E-05
1.36E-05,,,,,,,,,,,,,,,,,,,,,,,,,,5.8531,3.5118,1.36E-05
1.17E-05,,,,,,,,,,,,,,,,,,,,,,,,,,5.0168,3.0101,1.17E-05
9.72E-06,,,,,,,,,,,,,,,,,,,,,,,,,,4.1804,2.5083,9.72E-06
7.79E-06,,,,,,,,,,,,,,,,,,,,,,,,,,3.346,2.0076,7.79E-06
5.84E-06,,,,,,,,,,,,,,,,,,,,,,,,,,2.511,1.5066,5.84E-06
3.90E-06,,,,,,,,,,,,,,,,,,,,,,,,,,1.675,1.005,3.90E-06
1.95E-06,,,,,,,,,,,,,,,,,,,,,,,,,,0.83861,0.50317,1.95E-06
9.53E-11,,,,,,,,,,,,,,,,,,,,,,,,,,4.35E-05,2.46E-05,9.53E-11
-1.94E-06,,,,,,,,,,,,,,,,,,,,,,,,,,0.83464,-0.50078,-1.94E-06
-3.89E-06,,,,,,,,,,,,,,,,,,,,,,,,,,1.6711,-1.0026,-3.89E-06
-5.84E-06,,,,,,,,,,,,,,,,,,,,,,,,,,2.5072,-1.5043,-5.84E-06
-7.78E-06,,,,,,,,,,,,,,,,,,,,,,,,,,3.3424,-2.0055,-7.78E-06
-9.72E-06,,,,,,,,,,,,,,,,,,,,,,,,,,4.1771,-2.5063,-9.72E-06
-1.17E-05,,,,,,,,,,,,,,,,,,,,,,,,,,5.0135,-3.0081,-1.17E-05
-1.36E-05,,,,,,,,,,,,,,,,,,,,,,,,,,5.85,-3.51,-1.36E-05
-1.56E-05,,,,,,,,,,,,,,,,,,,,,,,,,,6.6868,-4.0121,-1.56E-05
-1.75E-05,,,,,,,,,,,,,,,,,,,,,,,,,,7.5218,-4.5131,-1.75E-05
-1.95E-05,,,,,,,,,,,,,,,,,,,,,,,,,,8.3571,-5.0143,-1.95E-05
-1.95E-05,,,,,,,,,,,,,,,,,,,,,,,,,,8.3572,-5.0143,-1.95E-05
-1.75E-05,,,,,,,,,,,,,,,,,,,,,,,,,,7.522,-4.5132,-1.75E-05
-1.56E-05,,,,,,,,,,,,,,,,,,,,,,,,,,6.6871,-4.0123,-1.56E-05
-1.36E-05,,,,,,,,,,,,,,,,,,,,,,,,,,5.8503,-3.5102,-1.36E-05
-1.17E-05,,,,,,,,,,,,,,,,,,,,,,,,,,5.0137,-3.0082,-1.17E-05
-9.72E-06,,,,,,,,,,,,,,,,,,,,,,,,,,4.1772,-2.5063,-9.72E-06
-7.78E-06,,,,,,,,,,,,,,,,,,,,,,,,,,3.3423,-2.0054,-7.78E-06
-5.84E-06,,,,,,,,,,,,,,,,,,,,,,,,,,2.5072,-1.5043,-5.84E-06
-3.89E-06,,,,,,,,,,,,,,,,,,,,,,,,,,1.6711,-1.0027,-3.89E-06
-1.94E-06,,,,,,,,,,,,,,,,,,,,,,,,,,0.83463,-0.50078,-1.94E-06
9.72E-11,,,,,,,,,,,,,,,,,,,,,,,,,,4.17E-05,2.50E-05,9.72E-11
5.27E-11,,,,,,,,,,,,,,,,,,,,,,,,,,2.27E-05,1.36E-05,5.27E-11
1.95E-06,,,,,,,,,,,,,,,,,,,,,,,,,,0.83856,0.50314,1.95E-06
3.90E-06,,,,,,,,,,,,,,,,,,,,,,,,,,1.6749,1.0049,3.90E-06
5.84E-06,,,,,,,,,,,,,,,,,,,,,,,,,,2.5108,1.5065,5.84E-06
7.79E-06,,,,,,,,,,,,,,,,,,,,,,,,,,3.3458,2.0075,7.79E-06
9.72E-06,,,,,,,,,,,,,,,,,,,,,,,,,,4.1801,2.5081,9.72E-06
1.17E-05,,,,,,,,,,,,,,,,,,,,,,,,,,5.0164,3.0098,1.17E-05
1.36E-05,,,,,,,,,,,,,,,,,,,,,,,,,,5.8526,3.5116,1.36E-05
1.56E-05,,,,,,,,,,,,,,,,,,,,,,,,,,6.6891,4.0135,1.56E-05
1.75E-05,,,,,,,,,,,,,,,,,,,,,,,,,,7.5242,4.5145,1.75E-05
1.95E-05,,,,,,,,,,,,,,,,,,,,,,,,,,8.3591,5.0155,1.95E-05
1.95E-05,,,,,,,,,,,,,,,,,,,,,,,,,,8.359,5.0154,1.95E-05
1.75E-05,,,,,,,,,,,,,,,,,,,,,,,,,,7.524,4.5144,1.75E-05
1.56E-05,,,,,,,,,,,,,,,,,,,,,,,,,,6.6888,4.0133,1.56E-05
1.36E-05,,,,,,,,,,,,,,,,,,,,,,,,,,5.8523,3.5114,1.36E-05
1.17E-05,,,,,,,,,,,,,,,,,,,,,,,,,,5.0161,3.0097,1.17E-05
9.72E-06,,,,,,,,,,,,,,,,,,,,,,,,,,4.18,2.508,9.72E-06
7.79E-06,,,,,,,,,,,,,,,,,,,,,,,,,,3.3457,2.0074,7.79E-06
5.84E-06,,,,,,,,,,,,,,,,,,,,,,,,,,2.5107,1.5064,5.84E-06
3.90E-06,,,,,,,,,,,,,,,,,,,,,,,,,,1.6748,1.0049,3.90E-06
1.95E-06,,,,,,,,,,,,,,,,,,,,,,,,,,0.83854,0.50312,1.95E-06
4.69E-11,,,,,,,,,,,,,,,,,,,,,,,,,,2.04E-05,1.21E-05,4.69E-11
-1.94E-06,,,,,,,,,,,,,,,,,,,,,,,,,,0.83454,-0.50073,-1.94E-06
-3.89E-06,,,,,,,,,,,,,,,,,,,,,,,,,,1.6709,-1.0025,-3.89E-06
-5.84E-06,,,,,,,,,,,,,,,,,,,,,,,,,,2.5069,-1.5042,-5.84E-06
-7.78E-06,,,,,,,,,,,,,,,,,,,,,,,,,,3.3419,-2.0052,-7.78E-06
-9.72E-06,,,,,,,,,,,,,,,,,,,,,,,,,,4.1768,-2.5061,-9.72E-06
-1.17E-05,,,,,,,,,,,,,,,,,,,,,,,,,,5.0132,-3.0079,-1.17E-05
-1.36E-05,,,,,,,,,,,,,,,,,,,,,,,,,,5.8496,-3.5098,-1.36E-05
-1.56E-05,,,,,,,,,,,,,,,,,,,,,,,,,,6.6865,-4.0119,-1.56E-05
-1.75E-05,,,,,,,,,,,,,,,,,,,,,,,,,,7.5214,-4.5128,-1.75E-05
-1.95E-05,,,,,,,,,,,,,,,,,,,,,,,,,,8.3565,-5.0139,-1.95E-05
-1.95E-05,,,,,,,,,,,,,,,,,,,,,,,,,,8.3565,-5.0139,-1.95E-05
-1.75E-05,,,,,,,,,,,,,,,,,,,,,,,,,,7.5213,-4.5128,-1.75E-05
-1.56E-05,,,,,,,,,,,,,,,,,,,,,,,,,,6.6865,-4.0119,-1.56E-05
-1.36E-05,,,,,,,,,,,,,,,,,,,,,,,,,,5.8496,-3.5098,-1.36E-05
-1.17E-05,,,,,,,,,,,,,,,,,,,,,,,,,,5.0132,-3.0079,-1.17E-05
-9.72E-06,,,,,,,,,,,,,,,,,,,,,,,,,,4.1768,-2.5061,-9.72E-06
-7.78E-06,,,,,,,,,,,,,,,,,,,,,,,,,,3.342,-2.0052,-7.78E-06
-5.84E-06,,,,,,,,,,,,,,,,,,,,,,,,,,2.5069,-1.5042,-5.84E-06
-3.89E-06,,,,,,,,,,,,,,,,,,,,,,,,,,1.6709,-1.0025,-3.89E-06
-1.94E-06,,,,,,,,,,,,,,,,,,,,,,,,,,0.83456,-0.50074,-1.94E-06
1.02E-10,,,,,,,,,,,,,,,,,,,,,,,,,,4.38E-05,2.63E-05,1.02E-10
5.44E-11,,,,,,,,,,,,,,,,,,,,,,,,,,2.35E-05,1.40E-05,5.44E-11
1.95E-06,,,,,,,,,,,,,,,,,,,,,,,,,,0.83844,0.50306,1.95E-06
3.90E-06,,,,,,,,,,,,,,,,,,,,,,,,,,1.6746,1.0048,3.90E-06
5.84E-06,,,,,,,,,,,,,,,,,,,,,,,,,,2.5105,1.5063,5.84E-06
7.78E-06,,,,,,,,,,,,,,,,,,,,,,,,,,3.3455,2.0073,7.78E-06
9.72E-06,,,,,,,,,,,,,,,,,,,,,,,,,,4.1796,2.5078,9.72E-06
1.17E-05,,,,,,,,,,,,,,,,,,,,,,,,,,5.0157,3.0094,1.17E-05
1.36E-05,,,,,,,,,,,,,,,,,,,,,,,,,,5.8519,3.5111,1.36E-05
1.56E-05,,,,,,,,,,,,,,,,,,,,,,,,,,6.6883,4.013,1.56E-05
1.75E-05,,,,,,,,,,,,,,,,,,,,,,,,,,7.5234,4.5141,1.75E-05
1.95E-05,,,,,,,,,,,,,,,,,,,,,,,,,,8.3581,5.0149,1.95E-05
1.95E-05,,,,,,,,,,,,,,,,,,,,,,,,,,8.3581,5.0149,1.95E-05
1.75E-05,,,,,,,,,,,,,,,,,,,,,,,,,,7.5233,4.514,1.75E-05
1.56E-05,,,,,,,,,,,,,,,,,,,,,,,,,,6.6882,4.0129,1.56E-05
1.36E-05,,,,,,,,,,,,,,,,,,,,,,,,,,5.8517,3.511,1.36E-05
1.17E-05,,,,,,,,,,,,,,,,,,,,,,,,,,5.0155,3.0093,1.17E-05
9.72E-06,,,,,,,,,,,,,,,,,,,,,,,,,,4.1793,2.5076,9.72E-06
7.78E-06,,,,,,,,,,,,,,,,,,,,,,,,,,3.3452,2.0071,7.78E-06
5.84E-06,,,,,,,,,,,,,,,,,,,,,,,,,,2.5103,1.5062,5.84E-06
3.90E-06,,,,,,,,,,,,,,,,,,,,,,,,,,1.6745,1.0047,3.90E-06
1.95E-06,,,,,,,,,,,,,,,,,,,,,,,,,,0.83839,0.50304,1.95E-06
4.88E-11,,,,,,,,,,,,,,,,,,,,,,,,,,2.12E-05,1.26E-05,4.88E-11
-1.94E-06,,,,,,,,,,,,,,,,,,,,,,,,,,0.83444,-0.50067,-1.94E-06
-3.89E-06,,,,,,,,,,,,,,,,,,,,,,,,,,1.6707,-1.0024,-3.89E-06
-5.84E-06,,,,,,,,,,,,,,,,,,,,,,,,,,2.5066,-1.504,-5.84E-06
-7.78E-06,,,,,,,,,,,,,,,,,,,,,,,,,,3.3416,-2.0049,-7.78E-06
-9.72E-06,,,,,,,,,,,,,,,,,,,,,,,,,,4.1763,-2.5058,-9.72E-06
-1.17E-05,,,,,,,,,,,,,,,,,,,,,,,,,,5.0126,-3.0075,-1.17E-05
-1.36E-05,,,,,,,,,,,,,,,,,,,,,,,,,,5.8489,-3.5094,-1.36E-05
-1.55E-05,,,,,,,,,,,,,,,,,,,,,,,,,,6.6856,-4.0114,-1.55E-05
-1.75E-05,,,,,,,,,,,,,,,,,,,,,,,,,,7.5204,-4.5122,-1.75E-05
-1.95E-05,,,,,,,,,,,,,,,,,,,,,,,,,,8.3555,-5.0133,-1.95E-05
-1.95E-05,,,,,,,,,,,,,,,,,,,,,,,,,,8.3556,-5.0134,-1.95E-05
-1.75E-05,,,,,,,,,,,,,,,,,,,,,,,,,,7.5206,-4.5123,-1.75E-05
-1.55E-05,,,,,,,,,,,,,,,,,,,,,,,,,,6.6859,-4.0115,-1.55E-05
-1.36E-05,,,,,,,,,,,,,,,,,,,,,,,,,,5.8492,-3.5095,-1.36E-05
-1.17E-05,,,,,,,,,,,,,,,,,,,,,,,,,,5.0128,-3.0077,-1.17E-05
-9.72E-06,,,,,,,,,,,,,,,,,,,,,,,,,,4.1765,-2.5059,-9.72E-06
-7.78E-06,,,,,,,,,,,,,,,,,,,,,,,,,,3.3417,-2.005,-7.78E-06
-5.84E-06,,,,,,,,,,,,,,,,,,,,,,,,,,2.5068,-1.5041,-5.84E-06
-3.89E-06,,,,,,,,,,,,,,,,,,,,,,,,,,1.6708,-1.0025,-3.89E-06
-1.94E-06,,,,,,,,,,,,,,,,,,,,,,,,,,0.83447,-0.50068,-1.94E-06
7.61E-11,,,,,,,,,,,,,,,,,,,,,,,,,,3.27E-05,1.96E-05,7.61E-11
5.26E-11,,,,,,,,,,,,,,,,,,,,,,,,,,2.27E-05,1.35E-05,5.26E-11
1.95E-06,,,,,,,,,,,,,,,,,,,,,,,,,,0.83842,0.50305,1.95E-06
3.90E-06,,,,,,,,,,,,,,,,,,,,,,,,,,1.6745,1.0047,3.90E-06
5.84E-06,,,,,,,,,,,,,,,,,,,,,,,,,,2.5104,1.5062,5.84E-06
7.78E-06,,,,,,,,,,,,,,,,,,,,,,,,,,3.3452,2.0071,7.78E-06
9.72E-06,,,,,,,,,,,,,,,,,,,,,,,,,,4.1793,2.5076,9.72E-06
1.17E-05,,,,,,,,,,,,,,,,,,,,,,,,,,5.0154,3.0092,1.17E-05
1.36E-05,,,,,,,,,,,,,,,,,,,,,,,,,,5.8516,3.511,1.36E-05
1.56E-05,,,,,,,,,,,,,,,,,,,,,,,,,,6.6879,4.0127,1.56E-05
1.75E-05,,,,,,,,,,,,,,,,,,,,,,,,,,7.523,4.5138,1.75E-05
1.95E-05,,,,,,,,,,,,,,,,,,,,,,,,,,8.3577,5.0146,1.95E-05
1.95E-05,,,,,,,,,,,,,,,,,,,,,,,,,,8.3575,5.0145,1.95E-05
1.75E-05,,,,,,,,,,,,,,,,,,,,,,,,,,7.5227,4.5136,1.75E-05
1.56E-05,,,,,,,,,,,,,,,,,,,,,,,,,,6.6877,4.0126,1.56E-05
1.36E-05,,,,,,,,,,,,,,,,,,,,,,,,,,5.8513,3.5108,1.36E-05
1.17E-05,,,,,,,,,,,,,,,,,,,,,,,,,,5.0152,3.0091,1.17E-05
9.72E-06,,,,,,,,,,,,,,,,,,,,,,,,,,4.1792,2.5075,9.72E-06
7.78E-06,,,,,,,,,,,,,,,,,,,,,,,,,,3.3451,2.007,7.78E-06
5.84E-06,,,,,,,,,,,,,,,,,,,,,,,,,,2.5103,1.5062,5.84E-06
3.90E-06,,,,,,,,,,,,,,,,,,,,,,,,,,1.6745,1.0047,3.90E-06
1.95E-06,,,,,,,,,,,,,,,,,,,,,,,,,,0.83838,0.50303,1.95E-06
5.03E-11,,,,,,,,,,,,,,,,,,,,,,,,,,2.19E-05,1.30E-05,5.03E-11
-1.94E-06,,,,,,,,,,,,,,,,,,,,,,,,,,0.83441,-0.50064,-1.94E-06
-3.89E-06,,,,,,,,,,,,,,,,,,,,,,,,,,1.6707,-1.0024,-3.89E-06
-5.84E-06,,,,,,,,,,,,,,,,,,,,,,,,,,2.5066,-1.5039,-5.84E-06
-7.78E-06,,,,,,,,,,,,,,,,,,,,,,,,,,3.3414,-2.0048,-7.78E-06
-9.72E-06,,,,,,,,,,,,,,,,,,,,,,,,,,4.1761,-2.5057,-9.72E-06
-1.17E-05,,,,,,,,,,,,,,,,,,,,,,,,,,5.0124,-3.0074,-1.17E-05
-1.36E-05,,,,,,,,,,,,,,,,,,,,,,,,,,5.8487,-3.5092,-1.36E-05
-1.55E-05,,,,,,,,,,,,,,,,,,,,,,,,,,6.6854,-4.0112,-1.55E-05
-1.75E-05,,,,,,,,,,,,,,,,,,,,,,,,,,7.5202,-4.5121,-1.75E-05
-1.94E-05,,,,,,,,,,,,,,,,,,,,,,,,,,8.3552,-5.0131,-1.94E-05
-1.94E-05,,,,,,,,,,,,,,,,,,,,,,,,,,8.3553,-5.0132,-1.94E-05
-1.75E-05,,,,,,,,,,,,,,,,,,,,,,,,,,7.5203,-4.5122,-1.75E-05
-1.55E-05,,,,,,,,,,,,,,,,,,,,,,,,,,6.6855,-4.0113,-1.55E-05
-1.36E-05,,,,,,,,,,,,,,,,,,,,,,,,,,5.8489,-3.5093,-1.36E-05
-1.17E-05,,,,,,,,,,,,,,,,,,,,,,,,,,5.0125,-3.0075,-1.17E-05
-9.72E-06,,,,,,,,,,,,,,,,,,,,,,,,,,4.1762,-2.5057,-9.72E-06
-7.78E-06,,,,,,,,,,,,,,,,,,,,,,,,,,3.3415,-2.0049,-7.78E-06
-5.83E-06,,,,,,,,,,,,,,,,,,,,,,,,,,2.5066,-1.504,-5.83E-06
-3.89E-06,,,,,,,,,,,,,,,,,,,,,,,,,,1.6706,-1.0024,-3.89E-06
-1.94E-06,,,,,,,,,,,,,,,,,,,,,,,,,,0.8344,-0.50064,-1.94E-06
3.81E-11,,,,,,,,,,,,,,,,,,,,,,,,,,1.64E-05,9.85E-06,3.81E-11
4.08E-11,,,,,,,,,,,,,,,,,,,,,,,,,,1.77E-05,1.05E-05,4.08E-11
1.95E-06,,,,,,,,,,,,,,,,,,,,,,,,,,0.83836,0.50302,1.95E-06
3.90E-06,,,,,,,,,,,,,,,,,,,,,,,,,,1.6745,1.0047,3.90E-06
5.84E-06,,,,,,,,,,,,,,,,,,,,,,,,,,2.5102,1.5061,5.84E-06
7.78E-06,,,,,,,,,,,,,,,,,,,,,,,,,,3.345,2.007,7.78E-06
9.72E-06,,,,,,,,,,,,,,,,,,,,,,,,,,4.179,2.5074,9.72E-06
1.17E-05,,,,,,,,,,,,,,,,,,,,,,,,,,5.015,3.009,1.17E-05
1.36E-05,,,,,,,,,,,,,,,,,,,,,,,,,,5.8511,3.5107,1.36E-05
1.55E-05,,,,,,,,,,,,,,,,,,,,,,,,,,6.6874,4.0125,1.55E-05
1.75E-05,,,,,,,,,,,,,,,,,,,,,,,,,,7.5224,4.5134,1.75E-05
1.95E-05,,,,,,,,,,,,,,,,,,,,,,,,,,8.3571,5.0143,1.95E-05
1.95E-05,,,,,,,,,,,,,,,,,,,,,,,,,,8.3571,5.0142,1.95E-05
1.75E-05,,,,,,,,,,,,,,,,,,,,,,,,,,7.5222,4.5133,1.75E-05
1.55E-05,,,,,,,,,,,,,,,,,,,,,,,,,,6.6872,4.0123,1.55E-05
1.36E-05,,,,,,,,,,,,,,,,,,,,,,,,,,5.851,3.5106,1.36E-05
1.17E-05,,,,,,,,,,,,,,,,,,,,,,,,,,5.0148,3.0089,1.17E-05
9.72E-06,,,,,,,,,,,,,,,,,,,,,,,,,,4.1788,2.5073,9.72E-06
7.78E-06,,,,,,,,,,,,,,,,,,,,,,,,,,3.3448,2.0069,7.78E-06
5.84E-06,,,,,,,,,,,,,,,,,,,,,,,,,,2.5101,1.5061,5.84E-06
3.90E-06,,,,,,,,,,,,,,,,,,,,,,,,,,1.6744,1.0046,3.90E-06
1.95E-06,,,,,,,,,,,,,,,,,,,,,,,,,,0.83836,0.50302,1.95E-06
2.86E-11,,,,,,,,,,,,,,,,,,,,,,,,,,1.26E-05,7.38E-06,2.86E-11
-1.94E-06,,,,,,,,,,,,,,,,,,,,,,,,,,0.83432,-0.50059,-1.94E-06
-3.89E-06,,,,,,,,,,,,,,,,,,,,,,,,,,1.6705,-1.0023,-3.89E-06
-5.83E-06,,,,,,,,,,,,,,,,,,,,,,,,,,2.5064,-1.5038,-5.83E-06
-7.78E-06,,,,,,,,,,,,,,,,,,,,,,,,,,3.3412,-2.0047,-7.78E-06
-9.72E-06,,,,,,,,,,,,,,,,,,,,,,,,,,4.1759,-2.5055,-9.72E-06
-1.17E-05,,,,,,,,,,,,,,,,,,,,,,,,,,5.012,-3.0072,-1.17E-05
-1.36E-05,,,,,,,,,,,,,,,,,,,,,,,,,,5.8485,-3.5091,-1.36E-05
-1.55E-05,,,,,,,,,,,,,,,,,,,,,,,,,,6.6851,-4.0111,-1.55E-05
-1.75E-05,,,,,,,,,,,,,,,,,,,,,,,,,,7.5198,-4.5119,-1.75E-05
-1.94E-05,,,,,,,,,,,,,,,,,,,,,,,,,,8.3548,-5.0129,-1.94E-05
-1.94E-05,,,,,,,,,,,,,,,,,,,,,,,,,,8.3548,-5.0129,-1.94E-05
-1.75E-05,,,,,,,,,,,,,,,,,,,,,,,,,,7.5198,-4.5119,-1.75E-05
-1.55E-05,,,,,,,,,,,,,,,,,,,,,,,,,,6.685,-4.011,-1.55E-05
-1.36E-05,,,,,,,,,,,,,,,,,,,,,,,,,,5.8484,-3.5091,-1.36E-05
-1.17E-05,,,,,,,,,,,,,,,,,,,,,,,,,,5.0122,-3.0073,-1.17E-05
-9.72E-06,,,,,,,,,,,,,,,,,,,,,,,,,,4.176,-2.5056,-9.72E-06
-7.78E-06,,,,,,,,,,,,,,,,,,,,,,,,,,3.3413,-2.0048,-7.78E-06
-5.83E-06,,,,,,,,,,,,,,,,,,,,,,,,,,2.5064,-1.5038,-5.83E-06
-3.89E-06,,,,,,,,,,,,,,,,,,,,,,,,,,1.6706,-1.0023,-3.89E-06
-1.94E-06,,,,,,,,,,,,,,,,,,,,,,,,,,0.83437,-0.50062,-1.94E-06
6.85E-11,,,,,,,,,,,,,,,,,,,,,,,,,,2.94E-05,1.77E-05,6.85E-11
5.71E-11,,,,,,,,,,,,,,,,,,,,,,,,,,2.45E-05,1.47E-05,5.71E-11
1.95E-06,,,,,,,,,,,,,,,,,,,,,,,,,,0.83834,0.503,1.95E-06
3.90E-06,,,,,,,,,,,,,,,,,,,,,,,,,,1.6744,1.0047,3.90E-06
5.84E-06,,,,,,,,,,,,,,,,,,,,,,,,,,2.5101,1.5061,5.84E-06
7.78E-06,,,,,,,,,,,,,,,,,,,,,,,,,,3.3448,2.0069,7.78E-06
9.72E-06,,,,,,,,,,,,,,,,,,,,,,,,,,4.1788,2.5073,9.72E-06
1.17E-05,,,,,,,,,,,,,,,,,,,,,,,,,,5.0148,3.0089,1.17E-05
1.36E-05,,,,,,,,,,,,,,,,,,,,,,,,,,5.8509,3.5105,1.36E-05
1.55E-05,,,,,,,,,,,,,,,,,,,,,,,,,,6.6872,4.0123,1.55E-05
1.75E-05,,,,,,,,,,,,,,,,,,,,,,,,,,7.522,4.5132,1.75E-05
1.95E-05,,,,,,,,,,,,,,,,,,,,,,,,,,8.3567,5.014,1.95E-05
1.95E-05,,,,,,,,,,,,,,,,,,,,,,,,,,8.3566,5.014,1.95E-05
1.75E-05,,,,,,,,,,,,,,,,,,,,,,,,,,7.522,4.5132,1.75E-05
1.55E-05,,,,,,,,,,,,,,,,,,,,,,,,,,6.687,4.0122,1.55E-05
1.36E-05,,,,,,,,,,,,,,,,,,,,,,,,,,5.8507,3.5104,1.36E-05
1.17E-05,,,,,,,,,,,,,,,,,,,,,,,,,,5.0147,3.0088,1.17E-05
9.72E-06,,,,,,,,,,,,,,,,,,,,,,,,,,4.1787,2.5072,9.72E-06
7.79E-06,,,,,,,,,,,,,,,,,,,,,,,,,,3.3447,2.0068,7.79E-06
5.84E-06,,,,,,,,,,,,,,,,,,,,,,,,,,2.51,1.506,5.84E-06
3.90E-06,,,,,,,,,,,,,,,,,,,,,,,,,,1.6743,1.0046,3.90E-06
1.95E-06,,,,,,,,,,,,,,,,,,,,,,,,,,0.83828,0.50297,1.95E-06
5.12E-11,,,,,,,,,,,,,,,,,,,,,,,,,,2.22E-05,1.32E-05,5.12E-11
-1.94E-06,,,,,,,,,,,,,,,,,,,,,,,,,,0.83435,-0.50061,-1.94E-06
-3.89E-06,,,,,,,,,,,,,,,,,,,,,,,,,,1.6705,-1.0023,-3.89E-06
-5.83E-06,,,,,,,,,,,,,,,,,,,,,,,,,,2.5062,-1.5037,-5.83E-06
-7.77E-06,,,,,,,,,,,,,,,,,,,,,,,,,,3.341,-2.0046,-7.77E-06
-9.72E-06,,,,,,,,,,,,,,,,,,,,,,,,,,4.1756,-2.5053,-9.72E-06
-1.17E-05,,,,,,,,,,,,,,,,,,,,,,,,,,5.0118,-3.0071,-1.17E-05
-1.36E-05,,,,,,,,,,,,,,,,,,,,,,,,,,5.8481,-3.5088,-1.36E-05
-1.55E-05,,,,,,,,,,,,,,,,,,,,,,,,,,6.6846,-4.0108,-1.55E-05
-1.75E-05,,,,,,,,,,,,,,,,,,,,,,,,,,7.5194,-4.5117,-1.75E-05
-1.94E-05,,,,,,,,,,,,,,,,,,,,,,,,,,8.3543,-5.0126,-1.94E-05
-1.94E-05,,,,,,,,,,,,,,,,,,,,,,,,,,8.3543,-5.0126,-1.94E-05
-1.75E-05,,,,,,,,,,,,,,,,,,,,,,,,,,7.5195,-4.5117,-1.75E-05
-1.55E-05,,,,,,,,,,,,,,,,,,,,,,,,,,6.6847,-4.0108,-1.55E-05
-1.36E-05,,,,,,,,,,,,,,,,,,,,,,,,,,5.8482,-3.5089,-1.36E-05
-1.17E-05,,,,,,,,,,,,,,,,,,,,,,,,,,5.0119,-3.0071,-1.17E-05
-9.72E-06,,,,,,,,,,,,,,,,,,,,,,,,,,4.1756,-2.5054,-9.72E-06
-7.77E-06,,,,,,,,,,,,,,,,,,,,,,,,,,3.3411,-2.0046,-7.77E-06
-5.83E-06,,,,,,,,,,,,,,,,,,,,,,,,,,2.5063,-1.5038,-5.83E-06
-3.89E-06,,,,,,,,,,,,,,,,,,,,,,,,,,1.6705,-1.0023,-3.89E-06
-1.94E-06,,,,,,,,,,,,,,,,,,,,,,,,,,0.83436,-0.50062,-1.94E-06
4.18E-11,,,,,,,,,,,,,,,,,,,,,,,,,,1.80E-05,1.08E-05,4.18E-11
3.55E-11,,,,,,,,,,,,,,,,,,,,,,,,,,1.53E-05,9.14E-06,3.55E-11
1.95E-06,,,,,,,,,,,,,,,,,,,,,,,,,,0.83819,0.50291,1.95E-06
3.90E-06,,,,,,,,,,,,,,,,,,,,,,,,,,1.6742,1.0045,3.90E-06
5.84E-06,,,,,,,,,,,,,,,,,,,,,,,,,,2.5098,1.5059,5.84E-06
7.78E-06,,,,,,,,,,,,,,,,,,,,,,,,,,3.3445,2.0067,7.78E-06
9.72E-06,,,,,,,,,,,,,,,,,,,,,,,,,,4.1785,2.5071,9.72E-06
1.17E-05,,,,,,,,,,,,,,,,,,,,,,,,,,5.0143,3.0086,1.17E-05
1.36E-05,,,,,,,,,,,,,,,,,,,,,,,,,,5.8504,3.5102,1.36E-05
1.55E-05,,,,,,,,,,,,,,,,,,,,,,,,,,6.6866,4.012,1.55E-05
1.75E-05,,,,,,,,,,,,,,,,,,,,,,,,,,7.5215,4.5129,1.75E-05
1.94E-05,,,,,,,,,,,,,,,,,,,,,,,,,,8.356,5.0136,1.94E-05
1.94E-05,,,,,,,,,,,,,,,,,,,,,,,,,,8.356,5.0136,1.94E-05
1.75E-05,,,,,,,,,,,,,,,,,,,,,,,,,,7.5213,4.5128,1.75E-05
1.55E-05,,,,,,,,,,,,,,,,,,,,,,,,,,6.6863,4.0118,1.55E-05
1.36E-05,,,,,,,,,,,,,,,,,,,,,,,,,,5.8502,3.5101,1.36E-05
1.17E-05,,,,,,,,,,,,,,,,,,,,,,,,,,5.0142,3.0085,1.17E-05
9.72E-06,,,,,,,,,,,,,,,,,,,,,,,,,,4.1783,2.507,9.72E-06
7.78E-06,,,,,,,,,,,,,,,,,,,,,,,,,,3.3444,2.0066,7.78E-06
5.84E-06,,,,,,,,,,,,,,,,,,,,,,,,,,2.5097,1.5058,5.84E-06
3.90E-06,,,,,,,,,,,,,,,,,,,,,,,,,,1.6741,1.0044,3.90E-06
1.95E-06,,,,,,,,,,,,,,,,,,,,,,,,,,0.83818,0.50291,1.95E-06
9.75E-11,,,,,,,,,,,,,,,,,,,,,,,,,,4.22E-05,2.51E-05,9.75E-11
-1.94E-06,,,,,,,,,,,,,,,,,,,,,,,,,,0.83425,-0.50055,-1.94E-06
-3.89E-06,,,,,,,,,,,,,,,,,,,,,,,,,,1.6703,-1.0022,-3.89E-06
-5.83E-06,,,,,,,,,,,,,,,,,,,,,,,,,,2.506,-1.5036,-5.83E-06
-7.77E-06,,,,,,,,,,,,,,,,,,,,,,,,,,3.3407,-2.0044,-7.77E-06
-9.72E-06,,,,,,,,,,,,,,,,,,,,,,,,,,4.1751,-2.5051,-9.72E-06
-1.17E-05,,,,,,,,,,,,,,,,,,,,,,,,,,5.0112,-3.0067,-1.17E-05
-1.36E-05,,,,,,,,,,,,,,,,,,,,,,,,,,5.8475,-3.5085,-1.36E-05
-1.55E-05,,,,,,,,,,,,,,,,,,,,,,,,,,6.6839,-4.0104,-1.55E-05
-1.75E-05,,,,,,,,,,,,,,,,,,,,,,,,,,7.5185,-4.5111,-1.75E-05
-1.94E-05,,,,,,,,,,,,,,,,,,,,,,,,,,8.3534,-5.012,-1.94E-05
-1.94E-05,,,,,,,,,,,,,,,,,,,,,,,,,,8.3535,-5.0121,-1.94E-05
-1.75E-05,,,,,,,,,,,,,,,,,,,,,,,,,,7.5186,-4.5112,-1.75E-05
-1.55E-05,,,,,,,,,,,,,,,,,,,,,,,,,,6.684,-4.0104,-1.55E-05
-1.36E-05,,,,,,,,,,,,,,,,,,,,,,,,,,5.8475,-3.5085,-1.36E-05
-1.17E-05,,,,,,,,,,,,,,,,,,,,,,,,,,5.0113,-3.0068,-1.17E-05
-9.72E-06,,,,,,,,,,,,,,,,,,,,,,,,,,4.1753,-2.5052,-9.72E-06
-7.77E-06,,,,,,,,,,,,,,,,,,,,,,,,,,3.3408,-2.0045,-7.77E-06
-5.83E-06,,,,,,,,,,,,,,,,,,,,,,,,,,2.5061,-1.5037,-5.83E-06
-3.89E-06,,,,,,,,,,,,,,,,,,,,,,,,,,1.6704,-1.0022,-3.89E-06
-1.94E-06,,,,,,,,,,,,,,,,,,,,,,,,,,0.83433,-0.5006,-1.94E-06
7.53E-11,,,,,,,,,,,,,,,,,,,,,,,,,,3.24E-05,1.94E-05,7.53E-11
5.00E-11,,,,,,,,,,,,,,,,,,,,,,,,,,2.16E-05,1.29E-05,5.00E-11
1.95E-06,,,,,,,,,,,,,,,,,,,,,,,,,,0.83811,0.50287,1.95E-06
3.90E-06,,,,,,,,,,,,,,,,,,,,,,,,,,1.6741,1.0045,3.90E-06
5.84E-06,,,,,,,,,,,,,,,,,,,,,,,,,,2.5097,1.5058,5.84E-06
7.78E-06,,,,,,,,,,,,,,,,,,,,,,,,,,3.3443,2.0066,7.78E-06
9.72E-06,,,,,,,,,,,,,,,,,,,,,,,,,,4.1783,2.507,9.72E-06
1.17E-05,,,,,,,,,,,,,,,,,,,,,,,,,,5.0141,3.0085,1.17E-05
1.36E-05,,,,,,,,,,,,,,,,,,,,,,,,,,5.85,3.51,1.36E-05
1.55E-05,,,,,,,,,,,,,,,,,,,,,,,,,,6.6862,4.0117,1.55E-05
1.75E-05,,,,,,,,,,,,,,,,,,,,,,,,,,7.5209,4.5125,1.75E-05
1.94E-05,,,,,,,,,,,,,,,,,,,,,,,,,,8.3554,5.0132,1.94E-05
1.94E-05,,,,,,,,,,,,,,,,,,,,,,,,,,8.3554,5.0132,1.94E-05
1.75E-05,,,,,,,,,,,,,,,,,,,,,,,,,,7.5208,4.5125,1.75E-05
1.55E-05,,,,,,,,,,,,,,,,,,,,,,,,,,6.6859,4.0116,1.55E-05
1.36E-05,,,,,,,,,,,,,,,,,,,,,,,,,,5.8499,3.5099,1.36E-05
1.17E-05,,,,,,,,,,,,,,,,,,,,,,,,,,5.0139,3.0084,1.17E-05
9.72E-06,,,,,,,,,,,,,,,,,,,,,,,,,,4.1781,2.5068,9.72E-06
7.78E-06,,,,,,,,,,,,,,,,,,,,,,,,,,3.3442,2.0065,7.78E-06
5.84E-06,,,,,,,,,,,,,,,,,,,,,,,,,,2.5096,1.5058,5.84E-06
3.90E-06,,,,,,,,,,,,,,,,,,,,,,,,,,1.674,1.0044,3.90E-06
1.95E-06,,,,,,,,,,,,,,,,,,,,,,,,,,0.83813,0.50288,1.95E-06
8.17E-11,,,,,,,,,,,,,,,,,,,,,,,,,,3.54E-05,2.11E-05,8.17E-11
-1.94E-06,,,,,,,,,,,,,,,,,,,,,,,,,,0.83423,-0.50054,-1.94E-06
-3.89E-06,,,,,,,,,,,,,,,,,,,,,,,,,,1.6702,-1.0021,-3.89E-06
-5.83E-06,,,,,,,,,,,,,,,,,,,,,,,,,,2.5059,-1.5036,-5.83E-06
-7.77E-06,,,,,,,,,,,,,,,,,,,,,,,,,,3.3406,-2.0044,-7.77E-06
-9.72E-06,,,,,,,,,,,,,,,,,,,,,,,,,,4.175,-2.505,-9.72E-06
-1.17E-05,,,,,,,,,,,,,,,,,,,,,,,,,,5.011,-3.0066,-1.17E-05
-1.36E-05,,,,,,,,,,,,,,,,,,,,,,,,,,5.8472,-3.5083,-1.36E-05
-1.55E-05,,,,,,,,,,,,,,,,,,,,,,,,,,6.6837,-4.0102,-1.55E-05
-1.75E-05,,,,,,,,,,,,,,,,,,,,,,,,,,7.5183,-4.511,-1.75E-05
-1.94E-05,,,,,,,,,,,,,,,,,,,,,,,,,,8.3532,-5.0119,-1.94E-05
-1.94E-05,,,,,,,,,,,,,,,,,,,,,,,,,,8.3532,-5.0119,-1.94E-05
-1.75E-05,,,,,,,,,,,,,,,,,,,,,,,,,,7.5184,-4.511,-1.75E-05
-1.55E-05,,,,,,,,,,,,,,,,,,,,,,,,,,6.6838,-4.0103,-1.55E-05
-1.36E-05,,,,,,,,,,,,,,,,,,,,,,,,,,5.8474,-3.5084,-1.36E-05
-1.17E-05,,,,,,,,,,,,,,,,,,,,,,,,,,5.0112,-3.0067,-1.17E-05
-9.72E-06,,,,,,,,,,,,,,,,,,,,,,,,,,4.1752,-2.5051,-9.72E-06
-7.77E-06,,,,,,,,,,,,,,,,,,,,,,,,,,3.3407,-2.0044,-7.77E-06
-5.83E-06,,,,,,,,,,,,,,,,,,,,,,,,,,2.506,-1.5036,-5.83E-06
-3.89E-06,,,,,,,,,,,,,,,,,,,,,,,,,,1.6703,-1.0022,-3.89E-06
-1.94E-06,,,,,,,,,,,,,,,,,,,,,,,,,,0.83426,-0.50056,-1.94E-06
