3.26E-10,8.33E-10,3.20E-10,4.84E-10,2.86E-10,3.41E-10,7.46E-10,5.03E-10,5.60E-10,3.28E-10,4.73E-10,AVERAGE RESULTS->>>,AbsJ,,J,,I,,,COLLAPSE RESULTS->>>,Final AbsJ,,Final J,,Final I,,0.00014026,8.42E-05,3.26E-10
5.71E-10,6.39E-10,2.77E-10,4.58E-10,2.36E-10,7.74E-11,5.06E-10,3.23E-10,4.76E-10,7.28E-11,3.64E-10,,2.03E-04,4.00E+00,0.00012182,2.40E+00,4.73E-10,9.30E-06,,,2.00E+00,,1.20E+00,,4.65E-06,,0.00024667,0.00014721,5.71E-10
6.46E-06,0.0000084,0.00000861,0.00000864,0.00000864,0.0000109,0.0000109,0.0000109,0.00000867,0.00000869,9.08E-06,,1.56E-04,8.09E+00,0.000093815,4.85E+00,3.64E-10,1.88E-05,,,4.04E+00,,2.43E+00,,9.42E-06,,2.7761,1.6657,6.46E-06
1.29E-05,0.0000169,0.0000173,0.0000173,0.0000173,0.0000218,0.0000218,0.0000218,0.0000173,0.0000174,1.82E-05,,3.91E+00,1.22E+01,2.34331,7.31E+00,9.08E-06,2.83E-05,,,8.04E+00,,4.83E+00,,1.87E-05,,5.5385,3.3231,1.29E-05
2.34E-05,0.0000253,0.0000259,0.0000259,0.0000259,0.0000327,0.0000327,0.0000327,0.0000259,0.0000261,2.77E-05,,7.81E+00,1.60E+01,4.68371,9.57E+00,1.82E-05,3.71E-05,,,1.19E+01,,7.13E+00,,2.76E-05,,10.076,6.0454,2.34E-05
3.19E-05,0.0000338,0.0000345,0.0000345,0.0000345,0.0000435,0.0000435,0.0000436,0.0000346,0.0000347,3.69E-05,,1.19E+01,1.99E+01,7.12848,1.20E+01,2.77E-05,4.64E-05,,,1.59E+01,,9.54E+00,,3.70E-05,,13.711,8.2266,3.19E-05
4.05E-05,0.0000422,0.0000431,0.0000431,0.0000431,0.0000544,0.0000544,0.0000544,0.0000432,0.0000433,4.62E-05,,1.59E+01,2.39E+01,9.51654,1.44E+01,3.69E-05,5.57E-05,,,1.99E+01,,1.19E+01,,4.63E-05,,17.403,10.442,4.05E-05
4.91E-05,0.0000511,0.0000517,0.0000517,0.0000518,0.0000653,0.0000653,0.0000653,0.0000518,0.0000521,5.55E-05,,1.98E+01,2.79E+01,11.9083,1.67E+01,4.62E-05,6.50E-05,,,2.39E+01,,1.43E+01,,5.56E-05,,21.117,12.67,4.91E-05
5.77E-05,0.0000598,0.0000603,0.0000604,0.0000605,0.0000761,0.0000762,0.0000762,0.0000605,0.0000608,6.49E-05,,2.39E+01,3.19E+01,14.3186,1.91E+01,5.55E-05,7.42E-05,,,2.79E+01,,1.67E+01,,6.49E-05,,24.808,14.885,5.77E-05
6.61E-05,0.0000683,0.000069,0.0000691,0.0000692,0.000087,0.0000871,0.0000871,0.0000692,0.0000695,7.42E-05,,2.79E+01,3.59E+01,16.7212,2.15E+01,6.49E-05,8.35E-05,,,3.19E+01,,1.91E+01,,7.42E-05,,28.414,17.049,6.61E-05
7.45E-05,0.0000768,0.0000776,0.0000777,0.0000779,0.0000979,0.000098,0.000098,0.0000779,0.0000781,8.34E-05,,3.19E+01,3.99E+01,19.1212,2.39E+01,7.42E-05,9.28E-05,,,3.59E+01,,2.15E+01,,8.35E-05,,32.036,19.222,7.45E-05
8.29E-05,0.0000854,0.0000862,0.0000863,0.0000865,0.00010874,0.00010881,0.00010884,0.0000866,0.000087,9.27E-05,,3.59E+01,3.98E+01,21.5149,2.39E+01,8.34E-05,9.27E-05,,,3.79E+01,,2.27E+01,,8.81E-05,,35.635,21.381,8.29E-05
8.33E-05,0.0000855,0.0000865,0.0000863,0.0000865,0.00010875,0.00010881,0.00010883,0.0000867,0.000087,9.28E-05,,3.98E+01,,23.9093,,9.27E-05,,,,2.03E+00,,-1.22E+00,,-4.73E-06,,35.779,21.467,8.33E-05
7.49E-05,0.0000772,0.0000776,0.0000776,0.0000778,0.0000979,0.000098,0.000098,0.0000779,0.0000782,8.35E-05,,3.99E+01,,23.9307,,9.28E-05,,,,4.05E+00,,-2.43E+00,,-9.42E-06,,32.201,19.321,7.49E-05
6.66E-05,0.0000686,0.000069,0.000069,0.0000691,0.0000871,0.0000871,0.0000871,0.0000692,0.0000695,7.42E-05,,3.59E+01,,21.5333,,8.35E-05,,,,8.22E+00,,-4.93E+00,,-1.91E-05,,28.639,17.183,6.66E-05
5.85E-05,0.0000601,0.0000603,0.0000604,0.0000604,0.0000762,0.0000762,0.0000762,0.0000605,0.0000608,6.50E-05,,3.19E+01,,19.1421,,7.42E-05,,,,1.24E+01,,-7.44E+00,,-2.89E-05,,25.134,15.081,5.85E-05
5.01E-05,0.0000515,0.0000517,0.0000517,0.0000518,0.0000653,0.0000653,0.0000653,0.0000519,0.0000521,5.57E-05,,2.79E+01,,16.7494,,6.50E-05,,,,1.66E+01,,-9.93E+00,,-3.85E-05,,21.542,12.925,5.01E-05
4.18E-05,0.0000429,0.0000431,0.0000431,0.0000431,0.0000544,0.0000544,0.0000544,0.0000432,0.0000434,4.64E-05,,2.39E+01,,14.3545,,5.57E-05,,,,2.07E+01,,-1.24E+01,,-4.81E-05,,17.963,10.778,4.18E-05
3.34E-05,0.0000343,0.0000345,0.0000345,0.0000345,0.0000435,0.0000435,0.0000436,0.0000346,0.0000347,3.71E-05,,1.99E+01,,11.9613,,4.64E-05,,,,2.47E+01,,-1.48E+01,,-5.75E-05,,14.378,8.6266,3.34E-05
2.51E-05,0.0000306,0.0000259,0.0000259,0.0000259,0.0000327,0.0000327,0.0000327,0.0000259,0.000026,2.83E-05,,1.60E+01,,9.57209,,3.71E-05,,,,2.89E+01,,-1.73E+01,,-6.72E-05,,10.802,6.4812,2.51E-05
1.68E-05,0.0000196,0.0000172,0.0000173,0.0000173,0.0000218,0.0000218,0.0000218,0.0000173,0.0000174,1.88E-05,,1.22E+01,,7.30771,,2.83E-05,,,,3.32E+01,,-1.99E+01,,-7.73E-05,,7.2082,4.3249,1.68E-05
8.41E-06,0.00000858,0.00000862,0.00000864,0.00000864,0.0000109,0.0000109,0.0000109,0.00000867,0.0000087,9.30E-06,,8.09E+00,,4.85268,,1.88E-05,,,,3.76E+01,,-2.26E+01,,-8.75E-05,,3.6158,2.1695,8.41E-06
3.56E-11,8.63E-10,6.46E-10,5.84E-10,6.24E-10,6.56E-10,3.73E-10,3.53E-10,3.1E-10,6.59E-10,5.10E-10,,4.00E+00,,2.39892,,9.30E-06,,,,3.98E+01,,-2.39E+01,,-9.25E-05,,1.53E-05,9.17E-06,3.56E-11
-8.39E-06,-0.0000084,-0.0000107,-0.0000086,-0.00000861,-0.0000109,-0.0000108,-0.0000109,-0.00000863,-0.00000862,-9.46E-06,,2.03E-04,4.06E+00,0.00012182,-2.43E+00,4.73E-10,-9.46E-06,,,,,,,,,3.6024,-2.1615,-8.39E-06
-1.68E-05,-0.0000169,-0.0000216,-0.0000172,-0.0000172,-0.0000217,-0.0000217,-0.0000218,-0.0000173,-0.0000173,-1.90E-05,,2.19E-04,8.10E+00,0.000131607,-4.86E+00,5.10E-10,-1.89E-05,,,,,,,,,7.2215,-4.3329,-1.68E-05
-2.52E-05,-0.0000255,-0.0000324,-0.0000259,-0.0000259,-0.0000326,-0.0000326,-0.0000326,-0.0000259,-0.000026,-2.85E-05,,4.06E+00,1.24E+01,-2.43302,-7.43E+00,-9.46E-06,-2.88E-05,,,,,,,,,10.84,-6.5041,-2.52E-05
-3.37E-05,-0.0000341,-0.0000429,-0.0000345,-0.0000345,-0.0000435,-0.0000434,-0.0000435,-0.0000345,-0.0000346,-3.79E-05,,8.15E+00,1.67E+01,-4.88737,-1.00E+01,-1.90E-05,-3.88E-05,,,,,,,,,14.456,-8.6738,-3.37E-05
-4.20E-05,-0.0000427,-0.000043,-0.0000431,-0.0000497,-0.0000544,-0.0000542,-0.0000543,-0.0000432,-0.0000432,-4.70E-05,,1.22E+01,2.09E+01,-7.33594,-1.25E+01,-2.85E-05,-4.86E-05,,,,,,,,,18.055,-10.833,-4.20E-05
-5.05E-05,-0.0000513,-0.0000517,-0.0000517,-0.000061,-0.0000653,-0.0000651,-0.0000652,-0.0000518,-0.0000518,-5.65E-05,,1.63E+01,2.50E+01,-9.77522,-1.50E+01,-3.79E-05,-5.82E-05,,,,,,,,,21.683,-13.01,-5.05E-05
-5.89E-05,-0.00006,-0.0000603,-0.0000604,-0.0000723,-0.0000762,-0.000076,-0.000076,-0.0000605,-0.0000605,-6.61E-05,,2.02E+01,2.92E+01,-12.1141,-1.75E+01,-4.70E-05,-6.81E-05,,,,,,,,,25.293,-15.176,-5.89E-05
-6.73E-05,-0.0000686,-0.000069,-0.0000868,-0.0000826,-0.0000871,-0.0000868,-0.0000869,-0.0000692,-0.0000692,-7.74E-05,,2.43E+01,3.34E+01,-14.5793,-2.01E+01,-5.65E-05,-7.78E-05,,,,,,,,,28.923,-17.354,-6.73E-05
-7.57E-05,-0.0000773,-0.0000788,-0.0000978,-0.0000935,-0.0000979,-0.0000977,-0.0000977,-0.0000779,-0.0000779,-8.72E-05,,2.84E+01,3.81E+01,-17.0426,-2.28E+01,-6.61E-05,-8.86E-05,,,,,,,,,32.545,-19.527,-7.57E-05
-8.42E-05,-0.0000859,-0.0000869,-0.00010869,-0.00010389,-0.00010877,-0.0001085,-0.00010818,-0.0000866,-0.0000969,-9.79E-05,,3.32E+01,4.20E+01,-19.9424,-2.52E+01,-7.74E-05,-9.77E-05,,,,,,,,,36.159,-21.696,-8.42E-05
-8.41E-05,-0.0000859,-0.0000865,-0.00010869,-0.00010377,-0.00010877,-0.00010851,-0.00010802,-0.0000866,-0.0000965,-9.77E-05,,3.75E+01,4.20E+01,-22.4886,-2.52E+01,-8.72E-05,-9.79E-05,,,,,,,,,36.143,-21.686,-8.41E-05
-7.57E-05,-0.0000774,-0.0000869,-0.0000978,-0.0000922,-0.0000979,-0.0000977,-0.0000969,-0.0000779,-0.0000852,-8.86E-05,,4.20E+01,,-25.2271,,-9.79E-05,,,,,,,,,,32.531,-19.519,-7.57E-05
-6.73E-05,-0.0000688,-0.000069,-0.000087,-0.0000809,-0.0000871,-0.0000869,-0.0000859,-0.0000693,-0.0000761,-7.78E-05,,4.20E+01,,-25.2007,,-9.77E-05,,,,,,,,,,28.919,-17.351,-6.73E-05
-5.89E-05,-0.0000601,-0.0000603,-0.0000761,-0.0000716,-0.0000762,-0.000076,-0.0000749,-0.0000606,-0.0000658,-6.81E-05,,3.81E+01,,-22.8325,,-8.86E-05,,,,,,,,,,25.298,-15.179,-5.89E-05
-5.04E-05,-0.0000515,-0.0000517,-0.0000652,-0.0000619,-0.0000653,-0.0000651,-0.0000639,-0.000052,-0.0000552,-5.82E-05,,3.34E+01,,-20.0604,,-7.78E-05,,,,,,,,,,21.675,-13.005,-5.04E-05
-4.20E-05,-0.000043,-0.000043,-0.0000543,-0.0000533,-0.0000544,-0.0000543,-0.0000528,-0.0000434,-0.0000454,-4.86E-05,,2.92E+01,,-17.5483,,-6.81E-05,,,,,,,,,,18.056,-10.834,-4.20E-05
-3.36E-05,-0.0000344,-0.0000344,-0.0000433,-0.0000433,-0.0000435,-0.0000434,-0.0000413,-0.0000346,-0.0000358,-3.88E-05,,2.50E+01,,-15.0139,,-5.82E-05,,,,,,,,,,14.446,-8.6675,-3.36E-05
-2.52E-05,-0.0000258,-0.0000259,-0.0000295,-0.0000326,-0.0000326,-0.0000326,-0.0000279,-0.000026,-0.0000302,-2.88E-05,,2.09E+01,,-12.5256,,-4.86E-05,,,,,,,,,,10.837,-6.5024,-2.52E-05
-1.68E-05,-0.0000172,-0.0000172,-0.0000172,-0.0000217,-0.0000217,-0.0000217,-0.0000173,-0.0000173,-0.0000204,-1.89E-05,,1.67E+01,,-9.99807,,-3.88E-05,,,,,,,,,,7.2263,-4.3358,-1.68E-05
-8.41E-06,-0.00000858,-0.00000861,-0.00000861,-0.0000108,-0.0000109,-0.0000109,-0.00000862,-0.00000864,-0.0000105,-9.46E-06,,1.24E+01,,-7.42717,,-2.88E-05,,,,,,,,,,3.6095,-2.1657,-8.41E-06
8.33E-10,,,,,,,,,,,,8.10E+00,,-4.86294,,-1.89E-05,,,,,,,,,,0.00035727,0.00021436,8.33E-10
6.39E-10,,,,,,,,,,,,4.06E+00,,-2.43495,,-9.46E-06,,,,,,,,,,0.00027492,0.00016495,6.39E-10
8.40E-06,,,,,,,,,,,,,,,,,,,,,,,,,,3.6128,2.1677,8.40E-06
1.69E-05,,,,,,,,,,,,,,,,,,,,,,,,,,7.2595,4.3557,1.69E-05
2.53E-05,,,,,,,,,,,,,,,,,,,,,,,,,,10.887,6.5323,2.53E-05
3.38E-05,,,,,,,,,,,,,,,,,,,,,,,,,,14.511,8.7067,3.38E-05
4.22E-05,,,,,,,,,,,,,,,,,,,,,,,,,,18.153,10.892,4.22E-05
5.11E-05,,,,,,,,,,,,,,,,,,,,,,,,,,21.964,13.179,5.11E-05
5.98E-05,,,,,,,,,,,,,,,,,,,,,,,,,,25.685,15.411,5.98E-05
6.83E-05,,,,,,,,,,,,,,,,,,,,,,,,,,29.356,17.614,6.83E-05
7.68E-05,,,,,,,,,,,,,,,,,,,,,,,,,,33.024,19.814,7.68E-05
8.54E-05,,,,,,,,,,,,,,,,,,,,,,,,,,36.698,22.019,8.54E-05
8.55E-05,,,,,,,,,,,,,,,,,,,,,,,,,,36.753,22.052,8.55E-05
7.72E-05,,,,,,,,,,,,,,,,,,,,,,,,,,33.157,19.894,7.72E-05
6.86E-05,,,,,,,,,,,,,,,,,,,,,,,,,,29.491,17.694,6.86E-05
6.01E-05,,,,,,,,,,,,,,,,,,,,,,,,,,25.805,15.483,6.01E-05
5.15E-05,,,,,,,,,,,,,,,,,,,,,,,,,,22.119,13.271,5.15E-05
4.29E-05,,,,,,,,,,,,,,,,,,,,,,,,,,18.435,11.061,4.29E-05
3.43E-05,,,,,,,,,,,,,,,,,,,,,,,,,,14.75,8.85,3.43E-05
3.06E-05,,,,,,,,,,,,,,,,,,,,,,,,,,13.14,7.884,3.06E-05
1.96E-05,,,,,,,,,,,,,,,,,,,,,,,,,,8.4035,5.0421,1.96E-05
8.58E-06,,,,,,,,,,,,,,,,,,,,,,,,,,3.6889,2.2134,8.58E-06
8.63E-10,,,,,,,,,,,,,,,,,,,,,,,,,,0.00037104,0.00022263,8.63E-10
-8.40E-06,,,,,,,,,,,,,,,,,,,,,,,,,,3.6124,-2.1675,-8.40E-06
-1.69E-05,,,,,,,,,,,,,,,,,,,,,,,,,,7.2653,-4.3592,-1.69E-05
-2.55E-05,,,,,,,,,,,,,,,,,,,,,,,,,,10.957,-6.5742,-2.55E-05
-3.41E-05,,,,,,,,,,,,,,,,,,,,,,,,,,14.658,-8.7949,-3.41E-05
-4.27E-05,,,,,,,,,,,,,,,,,,,,,,,,,,18.356,-11.013,-4.27E-05
-5.13E-05,,,,,,,,,,,,,,,,,,,,,,,,,,22.058,-13.235,-5.13E-05
-6.00E-05,,,,,,,,,,,,,,,,,,,,,,,,,,25.77,-15.462,-6.00E-05
-6.86E-05,,,,,,,,,,,,,,,,,,,,,,,,,,29.49,-17.694,-6.86E-05
-7.73E-05,,,,,,,,,,,,,,,,,,,,,,,,,,33.195,-19.917,-7.73E-05
-8.59E-05,,,,,,,,,,,,,,,,,,,,,,,,,,36.918,-22.151,-8.59E-05
-8.59E-05,,,,,,,,,,,,,,,,,,,,,,,,,,36.932,-22.159,-8.59E-05
-7.74E-05,,,,,,,,,,,,,,,,,,,,,,,,,,33.237,-19.942,-7.74E-05
-6.88E-05,,,,,,,,,,,,,,,,,,,,,,,,,,29.541,-17.725,-6.88E-05
-6.01E-05,,,,,,,,,,,,,,,,,,,,,,,,,,25.846,-15.507,-6.01E-05
-5.15E-05,,,,,,,,,,,,,,,,,,,,,,,,,,22.147,-13.288,-5.15E-05
-4.30E-05,,,,,,,,,,,,,,,,,,,,,,,,,,18.459,-11.076,-4.30E-05
-3.44E-05,,,,,,,,,,,,,,,,,,,,,,,,,,14.772,-8.8635,-3.44E-05
-2.58E-05,,,,,,,,,,,,,,,,,,,,,,,,,,11.082,-6.649,-2.58E-05
-1.72E-05,,,,,,,,,,,,,,,,,,,,,,,,,,7.3853,-4.4312,-1.72E-05
-8.58E-06,,,,,,,,,,,,,,,,,,,,,,,,,,3.6882,-2.2129,-8.58E-06
3.20E-10,,,,,,,,,,,,,,,,,,,,,,,,,,0.00013736,8.24E-05,3.20E-10
2.77E-10,,,,,,,,,,,,,,,,,,,,,,,,,,0.00011887,7.13E-05,2.77E-10
8.61E-06,,,,,,,,,,,,,,,,,,,,,,,,,,3.7085,2.2251,8.61E-06
1.73E-05,,,,,,,,,,,,,,,,,,,,,,,,,,7.4123,4.4474,1.73E-05
2.59E-05,,,,,,,,,,,,,,,,,,,,,,,,,,11.112,6.6672,2.59E-05
3.45E-05,,,,,,,,,,,,,,,,,,,,,,,,,,14.806,8.8837,3.45E-05
4.31E-05,,,,,,,,,,,,,,,,,,,,,,,,,,18.499,11.099,4.31E-05
5.17E-05,,,,,,,,,,,,,,,,,,,,,,,,,,22.203,13.322,5.17E-05
6.03E-05,,,,,,,,,,,,,,,,,,,,,,,,,,25.909,15.545,6.03E-05
6.90E-05,,,,,,,,,,,,,,,,,,,,,,,,,,29.634,17.78,6.90E-05
7.76E-05,,,,,,,,,,,,,,,,,,,,,,,,,,33.345,20.007,7.76E-05
8.62E-05,,,,,,,,,,,,,,,,,,,,,,,,,,37.045,22.227,8.62E-05
8.65E-05,,,,,,,,,,,,,,,,,,,,,,,,,,37.17,22.302,8.65E-05
7.76E-05,,,,,,,,,,,,,,,,,,,,,,,,,,33.347,20.008,7.76E-05
6.90E-05,,,,,,,,,,,,,,,,,,,,,,,,,,29.638,17.783,6.90E-05
6.03E-05,,,,,,,,,,,,,,,,,,,,,,,,,,25.924,15.554,6.03E-05
5.17E-05,,,,,,,,,,,,,,,,,,,,,,,,,,22.214,13.329,5.17E-05
4.31E-05,,,,,,,,,,,,,,,,,,,,,,,,,,18.507,11.104,4.31E-05
3.45E-05,,,,,,,,,,,,,,,,,,,,,,,,,,14.81,8.8857,3.45E-05
2.59E-05,,,,,,,,,,,,,,,,,,,,,,,,,,11.113,6.6678,2.59E-05
1.72E-05,,,,,,,,,,,,,,,,,,,,,,,,,,7.4128,4.4477,1.72E-05
8.62E-06,,,,,,,,,,,,,,,,,,,,,,,,,,3.7117,2.227,8.62E-06
6.46E-10,,,,,,,,,,,,,,,,,,,,,,,,,,0.00027754,0.00016653,6.46E-10
-1.07E-05,,,,,,,,,,,,,,,,,,,,,,,,,,4.5937,-2.7562,-1.07E-05
-2.16E-05,,,,,,,,,,,,,,,,,,,,,,,,,,9.2917,-5.575,-2.16E-05
-3.24E-05,,,,,,,,,,,,,,,,,,,,,,,,,,13.927,-8.3564,-3.24E-05
-4.29E-05,,,,,,,,,,,,,,,,,,,,,,,,,,18.447,-11.068,-4.29E-05
-4.30E-05,,,,,,,,,,,,,,,,,,,,,,,,,,18.493,-11.096,-4.30E-05
-5.17E-05,,,,,,,,,,,,,,,,,,,,,,,,,,22.202,-13.321,-5.17E-05
-6.03E-05,,,,,,,,,,,,,,,,,,,,,,,,,,25.912,-15.547,-6.03E-05
-6.90E-05,,,,,,,,,,,,,,,,,,,,,,,,,,29.633,-17.78,-6.90E-05
-7.88E-05,,,,,,,,,,,,,,,,,,,,,,,,,,33.874,-20.324,-7.88E-05
-8.69E-05,,,,,,,,,,,,,,,,,,,,,,,,,,37.33,-22.398,-8.69E-05
-8.65E-05,,,,,,,,,,,,,,,,,,,,,,,,,,37.177,-22.306,-8.65E-05
-8.69E-05,,,,,,,,,,,,,,,,,,,,,,,,,,37.349,-22.409,-8.69E-05
-6.90E-05,,,,,,,,,,,,,,,,,,,,,,,,,,29.634,-17.781,-6.90E-05
-6.03E-05,,,,,,,,,,,,,,,,,,,,,,,,,,25.919,-15.551,-6.03E-05
-5.17E-05,,,,,,,,,,,,,,,,,,,,,,,,,,22.208,-13.325,-5.17E-05
-4.30E-05,,,,,,,,,,,,,,,,,,,,,,,,,,18.498,-11.099,-4.30E-05
-3.44E-05,,,,,,,,,,,,,,,,,,,,,,,,,,14.801,-8.8807,-3.44E-05
-2.59E-05,,,,,,,,,,,,,,,,,,,,,,,,,,11.102,-6.6614,-2.59E-05
-1.72E-05,,,,,,,,,,,,,,,,,,,,,,,,,,7.3992,-4.4395,-1.72E-05
-8.61E-06,,,,,,,,,,,,,,,,,,,,,,,,,,3.6967,-2.218,-8.61E-06
4.84E-10,,,,,,,,,,,,,,,,,,,,,,,,,,0.00020847,0.00012508,4.84E-10
4.58E-10,,,,,,,,,,,,,,,,,,,,,,,,,,0.00019719,0.00011831,4.58E-10
8.64E-06,,,,,,,,,,,,,,,,,,,,,,,,,,3.7152,2.2291,8.64E-06
1.73E-05,,,,,,,,,,,,,,,,,,,,,,,,,,7.4195,4.4517,1.73E-05
2.59E-05,,,,,,,,,,,,,,,,,,,,,,,,,,11.123,6.6736,2.59E-05
3.45E-05,,,,,,,,,,,,,,,,,,,,,,,,,,14.822,8.8934,3.45E-05
4.31E-05,,,,,,,,,,,,,,,,,,,,,,,,,,18.524,11.114,4.31E-05
5.17E-05,,,,,,,,,,,,,,,,,,,,,,,,,,22.236,13.341,5.17E-05
6.04E-05,,,,,,,,,,,,,,,,,,,,,,,,,,25.95,15.57,6.04E-05
6.91E-05,,,,,,,,,,,,,,,,,,,,,,,,,,29.668,17.801,6.91E-05
7.77E-05,,,,,,,,,,,,,,,,,,,,,,,,,,33.374,20.024,7.77E-05
8.63E-05,,,,,,,,,,,,,,,,,,,,,,,,,,37.074,22.245,8.63E-05
8.63E-05,,,,,,,,,,,,,,,,,,,,,,,,,,37.074,22.244,8.63E-05
7.76E-05,,,,,,,,,,,,,,,,,,,,,,,,,,33.366,20.02,7.76E-05
6.90E-05,,,,,,,,,,,,,,,,,,,,,,,,,,29.66,17.796,6.90E-05
6.04E-05,,,,,,,,,,,,,,,,,,,,,,,,,,25.947,15.568,6.04E-05
5.17E-05,,,,,,,,,,,,,,,,,,,,,,,,,,22.233,13.34,5.17E-05
4.31E-05,,,,,,,,,,,,,,,,,,,,,,,,,,18.525,11.115,4.31E-05
3.45E-05,,,,,,,,,,,,,,,,,,,,,,,,,,14.826,8.8955,3.45E-05
2.59E-05,,,,,,,,,,,,,,,,,,,,,,,,,,11.125,6.6747,2.59E-05
1.73E-05,,,,,,,,,,,,,,,,,,,,,,,,,,7.4203,4.4522,1.73E-05
8.64E-06,,,,,,,,,,,,,,,,,,,,,,,,,,3.7154,2.2292,8.64E-06
5.84E-10,,,,,,,,,,,,,,,,,,,,,,,,,,0.00025114,0.00015068,5.84E-10
-8.60E-06,,,,,,,,,,,,,,,,,,,,,,,,,,3.6933,-2.216,-8.60E-06
-1.72E-05,,,,,,,,,,,,,,,,,,,,,,,,,,7.402,-4.4412,-1.72E-05
-2.59E-05,,,,,,,,,,,,,,,,,,,,,,,,,,11.107,-6.6642,-2.59E-05
-3.45E-05,,,,,,,,,,,,,,,,,,,,,,,,,,14.809,-8.8853,-3.45E-05
-4.31E-05,,,,,,,,,,,,,,,,,,,,,,,,,,18.51,-11.106,-4.31E-05
-5.17E-05,,,,,,,,,,,,,,,,,,,,,,,,,,22.223,-13.334,-5.17E-05
-6.04E-05,,,,,,,,,,,,,,,,,,,,,,,,,,25.95,-15.57,-6.04E-05
-8.68E-05,,,,,,,,,,,,,,,,,,,,,,,,,,37.31,-22.386,-8.68E-05
-9.78E-05,,,,,,,,,,,,,,,,,,,,,,,,,,42.027,-25.216,-9.78E-05
-0.00010869,,,,,,,,,,,,,,,,,,,,,,,,,,46.704,-28.023,-0.00010869
-0.00010869,,,,,,,,,,,,,,,,,,,,,,,,,,46.705,-28.023,-0.00010869
-9.78E-05,,,,,,,,,,,,,,,,,,,,,,,,,,42.043,-25.226,-9.78E-05
-8.70E-05,,,,,,,,,,,,,,,,,,,,,,,,,,37.379,-22.427,-8.70E-05
-7.61E-05,,,,,,,,,,,,,,,,,,,,,,,,,,32.699,-19.619,-7.61E-05
-6.52E-05,,,,,,,,,,,,,,,,,,,,,,,,,,28.019,-16.811,-6.52E-05
-5.43E-05,,,,,,,,,,,,,,,,,,,,,,,,,,23.335,-14.001,-5.43E-05
-4.33E-05,,,,,,,,,,,,,,,,,,,,,,,,,,18.615,-11.169,-4.33E-05
-2.95E-05,,,,,,,,,,,,,,,,,,,,,,,,,,12.655,-7.5933,-2.95E-05
-1.72E-05,,,,,,,,,,,,,,,,,,,,,,,,,,7.4115,-4.4469,-1.72E-05
-8.61E-06,,,,,,,,,,,,,,,,,,,,,,,,,,3.6971,-2.2183,-8.61E-06
2.86E-10,,,,,,,,,,,,,,,,,,,,,,,,,,0.00012286,7.37E-05,2.86E-10
2.36E-10,,,,,,,,,,,,,,,,,,,,,,,,,,0.00010138,6.08E-05,2.36E-10
8.64E-06,,,,,,,,,,,,,,,,,,,,,,,,,,3.7132,2.2279,8.64E-06
1.73E-05,,,,,,,,,,,,,,,,,,,,,,,,,,7.4236,4.4542,1.73E-05
2.59E-05,,,,,,,,,,,,,,,,,,,,,,,,,,11.13,6.6781,2.59E-05
3.45E-05,,,,,,,,,,,,,,,,,,,,,,,,,,14.839,8.9032,3.45E-05
4.31E-05,,,,,,,,,,,,,,,,,,,,,,,,,,18.545,11.127,4.31E-05
5.18E-05,,,,,,,,,,,,,,,,,,,,,,,,,,22.262,13.357,5.18E-05
6.05E-05,,,,,,,,,,,,,,,,,,,,,,,,,,25.985,15.591,6.05E-05
6.92E-05,,,,,,,,,,,,,,,,,,,,,,,,,,29.725,17.835,6.92E-05
7.79E-05,,,,,,,,,,,,,,,,,,,,,,,,,,33.458,20.075,7.79E-05
8.65E-05,,,,,,,,,,,,,,,,,,,,,,,,,,37.178,22.307,8.65E-05
8.65E-05,,,,,,,,,,,,,,,,,,,,,,,,,,37.181,22.309,8.65E-05
7.78E-05,,,,,,,,,,,,,,,,,,,,,,,,,,33.436,20.062,7.78E-05
6.91E-05,,,,,,,,,,,,,,,,,,,,,,,,,,29.705,17.823,6.91E-05
6.04E-05,,,,,,,,,,,,,,,,,,,,,,,,,,25.974,15.584,6.04E-05
5.18E-05,,,,,,,,,,,,,,,,,,,,,,,,,,22.251,13.351,5.18E-05
4.31E-05,,,,,,,,,,,,,,,,,,,,,,,,,,18.535,11.121,4.31E-05
3.45E-05,,,,,,,,,,,,,,,,,,,,,,,,,,14.83,8.8978,3.45E-05
2.59E-05,,,,,,,,,,,,,,,,,,,,,,,,,,11.129,6.6775,2.59E-05
1.73E-05,,,,,,,,,,,,,,,,,,,,,,,,,,7.422,4.4532,1.73E-05
8.64E-06,,,,,,,,,,,,,,,,,,,,,,,,,,3.716,2.2296,8.64E-06
6.24E-10,,,,,,,,,,,,,,,,,,,,,,,,,,0.00026838,0.00016103,6.24E-10
-8.61E-06,,,,,,,,,,,,,,,,,,,,,,,,,,3.7009,-2.2206,-8.61E-06
-1.72E-05,,,,,,,,,,,,,,,,,,,,,,,,,,7.4085,-4.4451,-1.72E-05
-2.59E-05,,,,,,,,,,,,,,,,,,,,,,,,,,11.114,-6.6686,-2.59E-05
-3.45E-05,,,,,,,,,,,,,,,,,,,,,,,,,,14.821,-8.8926,-3.45E-05
-4.97E-05,,,,,,,,,,,,,,,,,,,,,,,,,,21.35,-12.81,-4.97E-05
-6.10E-05,,,,,,,,,,,,,,,,,,,,,,,,,,26.238,-15.743,-6.10E-05
-7.23E-05,,,,,,,,,,,,,,,,,,,,,,,,,,31.075,-18.645,-7.23E-05
-8.26E-05,,,,,,,,,,,,,,,,,,,,,,,,,,35.492,-21.295,-8.26E-05
-9.35E-05,,,,,,,,,,,,,,,,,,,,,,,,,,40.202,-24.121,-9.35E-05
-0.00010389,,,,,,,,,,,,,,,,,,,,,,,,,,44.642,-26.785,-0.00010389
-0.00010377,,,,,,,,,,,,,,,,,,,,,,,,,,44.591,-26.754,-0.00010377
-9.22E-05,,,,,,,,,,,,,,,,,,,,,,,,,,39.62,-23.772,-9.22E-05
-8.09E-05,,,,,,,,,,,,,,,,,,,,,,,,,,34.761,-20.857,-8.09E-05
-7.16E-05,,,,,,,,,,,,,,,,,,,,,,,,,,30.782,-18.469,-7.16E-05
-6.19E-05,,,,,,,,,,,,,,,,,,,,,,,,,,26.616,-15.97,-6.19E-05
-5.33E-05,,,,,,,,,,,,,,,,,,,,,,,,,,22.881,-13.729,-5.33E-05
-4.33E-05,,,,,,,,,,,,,,,,,,,,,,,,,,18.606,-11.163,-4.33E-05
-3.26E-05,,,,,,,,,,,,,,,,,,,,,,,,,,13.986,-8.3917,-3.26E-05
-2.17E-05,,,,,,,,,,,,,,,,,,,,,,,,,,9.3299,-5.5979,-2.17E-05
-1.08E-05,,,,,,,,,,,,,,,,,,,,,,,,,,4.6608,-2.7965,-1.08E-05
3.41E-10,,,,,,,,,,,,,,,,,,,,,,,,,,0.00014643,8.79E-05,3.41E-10
7.74E-11,,,,,,,,,,,,,,,,,,,,,,,,,,3.33E-05,2.00E-05,7.74E-11
1.09E-05,,,,,,,,,,,,,,,,,,,,,,,,,,4.6918,2.8151,1.09E-05
2.18E-05,,,,,,,,,,,,,,,,,,,,,,,,,,9.3696,5.6217,2.18E-05
3.27E-05,,,,,,,,,,,,,,,,,,,,,,,,,,14.045,8.4268,3.27E-05
4.35E-05,,,,,,,,,,,,,,,,,,,,,,,,,,18.714,11.228,4.35E-05
5.44E-05,,,,,,,,,,,,,,,,,,,,,,,,,,23.379,14.028,5.44E-05
6.53E-05,,,,,,,,,,,,,,,,,,,,,,,,,,28.051,16.831,6.53E-05
7.61E-05,,,,,,,,,,,,,,,,,,,,,,,,,,32.724,19.634,7.61E-05
8.70E-05,,,,,,,,,,,,,,,,,,,,,,,,,,37.397,22.438,8.70E-05
9.79E-05,,,,,,,,,,,,,,,,,,,,,,,,,,42.065,25.239,9.79E-05
0.00010874,,,,,,,,,,,,,,,,,,,,,,,,,,46.728,28.037,0.00010874
0.00010875,,,,,,,,,,,,,,,,,,,,,,,,,,46.731,28.039,0.00010875
9.79E-05,,,,,,,,,,,,,,,,,,,,,,,,,,42.074,25.244,9.79E-05
8.71E-05,,,,,,,,,,,,,,,,,,,,,,,,,,37.414,22.448,8.71E-05
7.62E-05,,,,,,,,,,,,,,,,,,,,,,,,,,32.737,19.642,7.62E-05
6.53E-05,,,,,,,,,,,,,,,,,,,,,,,,,,28.06,16.836,6.53E-05
5.44E-05,,,,,,,,,,,,,,,,,,,,,,,,,,23.383,14.03,5.44E-05
4.35E-05,,,,,,,,,,,,,,,,,,,,,,,,,,18.716,11.23,4.35E-05
3.27E-05,,,,,,,,,,,,,,,,,,,,,,,,,,14.046,8.4276,3.27E-05
2.18E-05,,,,,,,,,,,,,,,,,,,,,,,,,,9.3701,5.6221,2.18E-05
1.09E-05,,,,,,,,,,,,,,,,,,,,,,,,,,4.6922,2.8153,1.09E-05
6.56E-10,,,,,,,,,,,,,,,,,,,,,,,,,,0.00028149,0.00016889,6.56E-10
-1.09E-05,,,,,,,,,,,,,,,,,,,,,,,,,,4.6547,-2.7928,-1.09E-05
-2.17E-05,,,,,,,,,,,,,,,,,,,,,,,,,,9.3479,-5.6087,-2.17E-05
-3.26E-05,,,,,,,,,,,,,,,,,,,,,,,,,,14.026,-8.4155,-3.26E-05
-4.35E-05,,,,,,,,,,,,,,,,,,,,,,,,,,18.698,-11.219,-4.35E-05
-5.44E-05,,,,,,,,,,,,,,,,,,,,,,,,,,23.368,-14.021,-5.44E-05
-6.53E-05,,,,,,,,,,,,,,,,,,,,,,,,,,28.047,-16.828,-6.53E-05
-7.62E-05,,,,,,,,,,,,,,,,,,,,,,,,,,32.727,-19.636,-7.62E-05
-8.71E-05,,,,,,,,,,,,,,,,,,,,,,,,,,37.409,-22.445,-8.71E-05
-9.79E-05,,,,,,,,,,,,,,,,,,,,,,,,,,42.079,-25.247,-9.79E-05
-0.00010877,,,,,,,,,,,,,,,,,,,,,,,,,,46.739,-28.044,-0.00010877
-0.00010877,,,,,,,,,,,,,,,,,,,,,,,,,,46.74,-28.044,-0.00010877
-9.79E-05,,,,,,,,,,,,,,,,,,,,,,,,,,42.076,-25.245,-9.79E-05
-8.71E-05,,,,,,,,,,,,,,,,,,,,,,,,,,37.411,-22.447,-8.71E-05
-7.62E-05,,,,,,,,,,,,,,,,,,,,,,,,,,32.729,-19.638,-7.62E-05
-6.53E-05,,,,,,,,,,,,,,,,,,,,,,,,,,28.049,-16.829,-6.53E-05
-5.44E-05,,,,,,,,,,,,,,,,,,,,,,,,,,23.37,-14.022,-5.44E-05
-4.35E-05,,,,,,,,,,,,,,,,,,,,,,,,,,18.7,-11.22,-4.35E-05
-3.26E-05,,,,,,,,,,,,,,,,,,,,,,,,,,14.027,-8.416,-3.26E-05
-2.17E-05,,,,,,,,,,,,,,,,,,,,,,,,,,9.3482,-5.6089,-2.17E-05
-1.09E-05,,,,,,,,,,,,,,,,,,,,,,,,,,4.6679,-2.8007,-1.09E-05
7.46E-10,,,,,,,,,,,,,,,,,,,,,,,,,,0.00031978,0.00019187,7.46E-10
5.06E-10,,,,,,,,,,,,,,,,,,,,,,,,,,0.00021736,0.00013042,5.06E-10
1.09E-05,,,,,,,,,,,,,,,,,,,,,,,,,,4.6933,2.816,1.09E-05
2.18E-05,,,,,,,,,,,,,,,,,,,,,,,,,,9.372,5.6232,2.18E-05
3.27E-05,,,,,,,,,,,,,,,,,,,,,,,,,,14.048,8.429,3.27E-05
4.35E-05,,,,,,,,,,,,,,,,,,,,,,,,,,18.719,11.231,4.35E-05
5.44E-05,,,,,,,,,,,,,,,,,,,,,,,,,,23.388,14.033,5.44E-05
6.53E-05,,,,,,,,,,,,,,,,,,,,,,,,,,28.067,16.84,6.53E-05
7.62E-05,,,,,,,,,,,,,,,,,,,,,,,,,,32.747,19.648,7.62E-05
8.71E-05,,,,,,,,,,,,,,,,,,,,,,,,,,37.428,22.457,8.71E-05
9.80E-05,,,,,,,,,,,,,,,,,,,,,,,,,,42.102,25.261,9.80E-05
0.00010881,,,,,,,,,,,,,,,,,,,,,,,,,,46.759,28.055,0.00010881
0.00010881,,,,,,,,,,,,,,,,,,,,,,,,,,46.759,28.055,0.00010881
9.80E-05,,,,,,,,,,,,,,,,,,,,,,,,,,42.095,25.257,9.80E-05
8.71E-05,,,,,,,,,,,,,,,,,,,,,,,,,,37.427,22.456,8.71E-05
7.62E-05,,,,,,,,,,,,,,,,,,,,,,,,,,32.746,19.648,7.62E-05
6.53E-05,,,,,,,,,,,,,,,,,,,,,,,,,,28.067,16.84,6.53E-05
5.44E-05,,,,,,,,,,,,,,,,,,,,,,,,,,23.388,14.033,5.44E-05
4.35E-05,,,,,,,,,,,,,,,,,,,,,,,,,,18.718,11.231,4.35E-05
3.27E-05,,,,,,,,,,,,,,,,,,,,,,,,,,14.047,8.4281,3.27E-05
2.18E-05,,,,,,,,,,,,,,,,,,,,,,,,,,9.3699,5.622,2.18E-05
1.09E-05,,,,,,,,,,,,,,,,,,,,,,,,,,4.6915,2.8149,1.09E-05
3.73E-10,,,,,,,,,,,,,,,,,,,,,,,,,,0.00016029,9.62E-05,3.73E-10
-1.08E-05,,,,,,,,,,,,,,,,,,,,,,,,,,4.6285,-2.7771,-1.08E-05
-2.17E-05,,,,,,,,,,,,,,,,,,,,,,,,,,9.3326,-5.5995,-2.17E-05
-3.26E-05,,,,,,,,,,,,,,,,,,,,,,,,,,13.997,-8.3984,-3.26E-05
-4.34E-05,,,,,,,,,,,,,,,,,,,,,,,,,,18.653,-11.192,-4.34E-05
-5.42E-05,,,,,,,,,,,,,,,,,,,,,,,,,,23.308,-13.985,-5.42E-05
-6.51E-05,,,,,,,,,,,,,,,,,,,,,,,,,,27.974,-16.784,-6.51E-05
-7.60E-05,,,,,,,,,,,,,,,,,,,,,,,,,,32.645,-19.587,-7.60E-05
-8.68E-05,,,,,,,,,,,,,,,,,,,,,,,,,,37.314,-22.389,-8.68E-05
-9.77E-05,,,,,,,,,,,,,,,,,,,,,,,,,,41.973,-25.184,-9.77E-05
-0.0001085,,,,,,,,,,,,,,,,,,,,,,,,,,46.626,-27.976,-0.0001085
-0.00010851,,,,,,,,,,,,,,,,,,,,,,,,,,46.629,-27.977,-0.00010851
-9.77E-05,,,,,,,,,,,,,,,,,,,,,,,,,,41.978,-25.187,-9.77E-05
-8.69E-05,,,,,,,,,,,,,,,,,,,,,,,,,,37.332,-22.399,-8.69E-05
-7.60E-05,,,,,,,,,,,,,,,,,,,,,,,,,,32.663,-19.598,-7.60E-05
-6.51E-05,,,,,,,,,,,,,,,,,,,,,,,,,,27.994,-16.796,-6.51E-05
-5.43E-05,,,,,,,,,,,,,,,,,,,,,,,,,,23.324,-13.995,-5.43E-05
-4.34E-05,,,,,,,,,,,,,,,,,,,,,,,,,,18.663,-11.198,-4.34E-05
-3.26E-05,,,,,,,,,,,,,,,,,,,,,,,,,,13.999,-8.3996,-3.26E-05
-2.17E-05,,,,,,,,,,,,,,,,,,,,,,,,,,9.3304,-5.5982,-2.17E-05
-1.09E-05,,,,,,,,,,,,,,,,,,,,,,,,,,4.659,-2.7954,-1.09E-05
5.03E-10,,,,,,,,,,,,,,,,,,,,,,,,,,0.0002157,0.00012942,5.03E-10
3.23E-10,,,,,,,,,,,,,,,,,,,,,,,,,,0.00013907,8.34E-05,3.23E-10
1.09E-05,,,,,,,,,,,,,,,,,,,,,,,,,,4.6921,2.8152,1.09E-05
2.18E-05,,,,,,,,,,,,,,,,,,,,,,,,,,9.3709,5.6225,2.18E-05
3.27E-05,,,,,,,,,,,,,,,,,,,,,,,,,,14.048,8.429,3.27E-05
4.36E-05,,,,,,,,,,,,,,,,,,,,,,,,,,18.72,11.232,4.36E-05
5.44E-05,,,,,,,,,,,,,,,,,,,,,,,,,,23.391,14.035,5.44E-05
6.53E-05,,,,,,,,,,,,,,,,,,,,,,,,,,28.072,16.843,6.53E-05
7.62E-05,,,,,,,,,,,,,,,,,,,,,,,,,,32.752,19.651,7.62E-05
8.71E-05,,,,,,,,,,,,,,,,,,,,,,,,,,37.435,22.461,8.71E-05
9.80E-05,,,,,,,,,,,,,,,,,,,,,,,,,,42.109,25.266,9.80E-05
0.00010884,,,,,,,,,,,,,,,,,,,,,,,,,,46.768,28.061,0.00010884
0.00010883,,,,,,,,,,,,,,,,,,,,,,,,,,46.767,28.06,0.00010883
9.80E-05,,,,,,,,,,,,,,,,,,,,,,,,,,42.103,25.262,9.80E-05
8.71E-05,,,,,,,,,,,,,,,,,,,,,,,,,,37.436,22.461,8.71E-05
7.62E-05,,,,,,,,,,,,,,,,,,,,,,,,,,32.754,19.653,7.62E-05
6.53E-05,,,,,,,,,,,,,,,,,,,,,,,,,,28.073,16.844,6.53E-05
5.44E-05,,,,,,,,,,,,,,,,,,,,,,,,,,23.393,14.036,5.44E-05
4.36E-05,,,,,,,,,,,,,,,,,,,,,,,,,,18.723,11.234,4.36E-05
3.27E-05,,,,,,,,,,,,,,,,,,,,,,,,,,14.05,8.4299,3.27E-05
2.18E-05,,,,,,,,,,,,,,,,,,,,,,,,,,9.3719,5.6231,2.18E-05
1.09E-05,,,,,,,,,,,,,,,,,,,,,,,,,,4.6926,2.8156,1.09E-05
3.53E-10,,,,,,,,,,,,,,,,,,,,,,,,,,0.00015201,9.12E-05,3.53E-10
-1.09E-05,,,,,,,,,,,,,,,,,,,,,,,,,,4.6663,-2.7998,-1.09E-05
-2.18E-05,,,,,,,,,,,,,,,,,,,,,,,,,,9.3439,-5.6064,-2.18E-05
-3.26E-05,,,,,,,,,,,,,,,,,,,,,,,,,,14.018,-8.4107,-3.26E-05
-4.35E-05,,,,,,,,,,,,,,,,,,,,,,,,,,18.685,-11.211,-4.35E-05
-5.43E-05,,,,,,,,,,,,,,,,,,,,,,,,,,23.346,-14.007,-5.43E-05
-6.52E-05,,,,,,,,,,,,,,,,,,,,,,,,,,28.013,-16.808,-6.52E-05
-7.60E-05,,,,,,,,,,,,,,,,,,,,,,,,,,32.675,-19.605,-7.60E-05
-8.69E-05,,,,,,,,,,,,,,,,,,,,,,,,,,37.331,-22.399,-8.69E-05
-9.77E-05,,,,,,,,,,,,,,,,,,,,,,,,,,41.968,-25.181,-9.77E-05
-0.00010818,,,,,,,,,,,,,,,,,,,,,,,,,,46.489,-27.893,-0.00010818
-0.00010802,,,,,,,,,,,,,,,,,,,,,,,,,,46.416,-27.85,-0.00010802
-9.69E-05,,,,,,,,,,,,,,,,,,,,,,,,,,41.621,-24.972,-9.69E-05
-8.59E-05,,,,,,,,,,,,,,,,,,,,,,,,,,36.903,-22.142,-8.59E-05
-7.49E-05,,,,,,,,,,,,,,,,,,,,,,,,,,32.17,-19.302,-7.49E-05
-6.39E-05,,,,,,,,,,,,,,,,,,,,,,,,,,27.465,-16.479,-6.39E-05
-5.28E-05,,,,,,,,,,,,,,,,,,,,,,,,,,22.705,-13.623,-5.28E-05
-4.13E-05,,,,,,,,,,,,,,,,,,,,,,,,,,17.77,-10.662,-4.13E-05
-2.79E-05,,,,,,,,,,,,,,,,,,,,,,,,,,11.973,-7.1837,-2.79E-05
-1.73E-05,,,,,,,,,,,,,,,,,,,,,,,,,,7.4108,-4.4465,-1.73E-05
-8.62E-06,,,,,,,,,,,,,,,,,,,,,,,,,,3.7001,-2.2201,-8.62E-06
5.60E-10,,,,,,,,,,,,,,,,,,,,,,,,,,0.00024095,0.00014457,5.60E-10
4.76E-10,,,,,,,,,,,,,,,,,,,,,,,,,,0.00020493,0.00012296,4.76E-10
8.67E-06,,,,,,,,,,,,,,,,,,,,,,,,,,3.7173,2.2304,8.67E-06
1.73E-05,,,,,,,,,,,,,,,,,,,,,,,,,,7.4334,4.46,1.73E-05
2.59E-05,,,,,,,,,,,,,,,,,,,,,,,,,,11.149,6.6891,2.59E-05
3.46E-05,,,,,,,,,,,,,,,,,,,,,,,,,,14.855,8.9133,3.46E-05
4.32E-05,,,,,,,,,,,,,,,,,,,,,,,,,,18.567,11.14,4.32E-05
5.18E-05,,,,,,,,,,,,,,,,,,,,,,,,,,22.282,13.369,5.18E-05
6.05E-05,,,,,,,,,,,,,,,,,,,,,,,,,,26.008,15.605,6.05E-05
6.92E-05,,,,,,,,,,,,,,,,,,,,,,,,,,29.756,17.854,6.92E-05
7.79E-05,,,,,,,,,,,,,,,,,,,,,,,,,,33.483,20.09,7.79E-05
8.66E-05,,,,,,,,,,,,,,,,,,,,,,,,,,37.226,22.336,8.66E-05
8.67E-05,,,,,,,,,,,,,,,,,,,,,,,,,,37.241,22.344,8.67E-05
7.79E-05,,,,,,,,,,,,,,,,,,,,,,,,,,33.486,20.092,7.79E-05
6.92E-05,,,,,,,,,,,,,,,,,,,,,,,,,,29.747,17.848,6.92E-05
6.05E-05,,,,,,,,,,,,,,,,,,,,,,,,,,26.012,15.607,6.05E-05
5.19E-05,,,,,,,,,,,,,,,,,,,,,,,,,,22.283,13.37,5.19E-05
4.32E-05,,,,,,,,,,,,,,,,,,,,,,,,,,18.563,11.138,4.32E-05
3.46E-05,,,,,,,,,,,,,,,,,,,,,,,,,,14.854,8.9126,3.46E-05
2.59E-05,,,,,,,,,,,,,,,,,,,,,,,,,,11.146,6.6875,2.59E-05
1.73E-05,,,,,,,,,,,,,,,,,,,,,,,,,,7.435,4.461,1.73E-05
8.67E-06,,,,,,,,,,,,,,,,,,,,,,,,,,3.7226,2.2336,8.67E-06
3.10E-10,,,,,,,,,,,,,,,,,,,,,,,,,,0.00013353,8.01E-05,3.10E-10
-8.63E-06,,,,,,,,,,,,,,,,,,,,,,,,,,3.7031,-2.2219,-8.63E-06
-1.73E-05,,,,,,,,,,,,,,,,,,,,,,,,,,7.4161,-4.4496,-1.73E-05
-2.59E-05,,,,,,,,,,,,,,,,,,,,,,,,,,11.129,-6.6774,-2.59E-05
-3.45E-05,,,,,,,,,,,,,,,,,,,,,,,,,,14.839,-8.9033,-3.45E-05
-4.32E-05,,,,,,,,,,,,,,,,,,,,,,,,,,18.552,-11.131,-4.32E-05
-5.18E-05,,,,,,,,,,,,,,,,,,,,,,,,,,22.27,-13.362,-5.18E-05
-6.05E-05,,,,,,,,,,,,,,,,,,,,,,,,,,25.99,-15.594,-6.05E-05
-6.92E-05,,,,,,,,,,,,,,,,,,,,,,,,,,29.726,-17.835,-6.92E-05
-7.79E-05,,,,,,,,,,,,,,,,,,,,,,,,,,33.461,-20.077,-7.79E-05
-8.66E-05,,,,,,,,,,,,,,,,,,,,,,,,,,37.208,-22.325,-8.66E-05
-8.66E-05,,,,,,,,,,,,,,,,,,,,,,,,,,37.232,-22.339,-8.66E-05
-7.79E-05,,,,,,,,,,,,,,,,,,,,,,,,,,33.475,-20.085,-7.79E-05
-6.93E-05,,,,,,,,,,,,,,,,,,,,,,,,,,29.753,-17.852,-6.93E-05
-6.06E-05,,,,,,,,,,,,,,,,,,,,,,,,,,26.063,-15.638,-6.06E-05
-5.20E-05,,,,,,,,,,,,,,,,,,,,,,,,,,22.354,-13.413,-5.20E-05
-4.34E-05,,,,,,,,,,,,,,,,,,,,,,,,,,18.629,-11.177,-4.34E-05
-3.46E-05,,,,,,,,,,,,,,,,,,,,,,,,,,14.879,-8.9273,-3.46E-05
-2.60E-05,,,,,,,,,,,,,,,,,,,,,,,,,,11.169,-6.7012,-2.60E-05
-1.73E-05,,,,,,,,,,,,,,,,,,,,,,,,,,7.4424,-4.4654,-1.73E-05
-8.64E-06,,,,,,,,,,,,,,,,,,,,,,,,,,3.7111,-2.2266,-8.64E-06
3.28E-10,,,,,,,,,,,,,,,,,,,,,,,,,,0.00014123,8.47E-05,3.28E-10
7.28E-11,,,,,,,,,,,,,,,,,,,,,,,,,,3.13E-05,1.88E-05,7.28E-11
8.69E-06,,,,,,,,,,,,,,,,,,,,,,,,,,3.7348,2.2409,8.69E-06
1.74E-05,,,,,,,,,,,,,,,,,,,,,,,,,,7.4627,4.4776,1.74E-05
2.61E-05,,,,,,,,,,,,,,,,,,,,,,,,,,11.19,6.7143,2.61E-05
3.47E-05,,,,,,,,,,,,,,,,,,,,,,,,,,14.913,8.9475,3.47E-05
4.33E-05,,,,,,,,,,,,,,,,,,,,,,,,,,18.621,11.173,4.33E-05
5.21E-05,,,,,,,,,,,,,,,,,,,,,,,,,,22.39,13.434,5.21E-05
6.08E-05,,,,,,,,,,,,,,,,,,,,,,,,,,26.12,15.672,6.08E-05
6.95E-05,,,,,,,,,,,,,,,,,,,,,,,,,,29.872,17.923,6.95E-05
7.81E-05,,,,,,,,,,,,,,,,,,,,,,,,,,33.585,20.151,7.81E-05
8.70E-05,,,,,,,,,,,,,,,,,,,,,,,,,,37.374,22.425,8.70E-05
8.70E-05,,,,,,,,,,,,,,,,,,,,,,,,,,37.392,22.435,8.70E-05
7.82E-05,,,,,,,,,,,,,,,,,,,,,,,,,,33.622,20.173,7.82E-05
6.95E-05,,,,,,,,,,,,,,,,,,,,,,,,,,29.882,17.929,6.95E-05
6.08E-05,,,,,,,,,,,,,,,,,,,,,,,,,,26.123,15.674,6.08E-05
5.21E-05,,,,,,,,,,,,,,,,,,,,,,,,,,22.398,13.439,5.21E-05
4.34E-05,,,,,,,,,,,,,,,,,,,,,,,,,,18.661,11.197,4.34E-05
3.47E-05,,,,,,,,,,,,,,,,,,,,,,,,,,14.93,8.9577,3.47E-05
2.60E-05,,,,,,,,,,,,,,,,,,,,,,,,,,11.198,6.7188,2.60E-05
1.74E-05,,,,,,,,,,,,,,,,,,,,,,,,,,7.4641,4.4785,1.74E-05
8.70E-06,,,,,,,,,,,,,,,,,,,,,,,,,,3.7352,2.2411,8.70E-06
6.59E-10,,,,,,,,,,,,,,,,,,,,,,,,,,0.00028274,0.00016964,6.59E-10
-8.62E-06,,,,,,,,,,,,,,,,,,,,,,,,,,3.6947,-2.2168,-8.62E-06
-1.73E-05,,,,,,,,,,,,,,,,,,,,,,,,,,7.4268,-4.4561,-1.73E-05
-2.60E-05,,,,,,,,,,,,,,,,,,,,,,,,,,11.15,-6.6899,-2.60E-05
-3.46E-05,,,,,,,,,,,,,,,,,,,,,,,,,,14.854,-8.9123,-3.46E-05
-4.32E-05,,,,,,,,,,,,,,,,,,,,,,,,,,18.565,-11.139,-4.32E-05
-5.18E-05,,,,,,,,,,,,,,,,,,,,,,,,,,22.279,-13.368,-5.18E-05
-6.05E-05,,,,,,,,,,,,,,,,,,,,,,,,,,26.006,-15.604,-6.05E-05
-6.92E-05,,,,,,,,,,,,,,,,,,,,,,,,,,29.745,-17.847,-6.92E-05
-7.79E-05,,,,,,,,,,,,,,,,,,,,,,,,,,33.487,-20.092,-7.79E-05
-9.69E-05,,,,,,,,,,,,,,,,,,,,,,,,,,41.633,-24.98,-9.69E-05
-9.65E-05,,,,,,,,,,,,,,,,,,,,,,,,,,41.448,-24.869,-9.65E-05
-8.52E-05,,,,,,,,,,,,,,,,,,,,,,,,,,36.614,-21.968,-8.52E-05
-7.61E-05,,,,,,,,,,,,,,,,,,,,,,,,,,32.705,-19.623,-7.61E-05
-6.58E-05,,,,,,,,,,,,,,,,,,,,,,,,,,28.303,-16.982,-6.58E-05
-5.52E-05,,,,,,,,,,,,,,,,,,,,,,,,,,23.704,-14.223,-5.52E-05
-4.54E-05,,,,,,,,,,,,,,,,,,,,,,,,,,19.5,-11.7,-4.54E-05
-3.58E-05,,,,,,,,,,,,,,,,,,,,,,,,,,15.383,-9.2297,-3.58E-05
-3.02E-05,,,,,,,,,,,,,,,,,,,,,,,,,,12.956,-7.7734,-3.02E-05
-2.04E-05,,,,,,,,,,,,,,,,,,,,,,,,,,8.7652,-5.2591,-2.04E-05
-1.05E-05,,,,,,,,,,,,,,,,,,,,,,,,,,4.4922,-2.6953,-1.05E-05
