1.70E-11,1.49E-11,3.35E-11,3.59E-11,1.39E-11,1.98E-11,2.73E-11,1.96E-11,1.31E-11,2.03E-11,2.15E-11,AVERAGE RESULTS->>>,AbsJ,,J,,I,,,COLLAPSE RESULTS->>>,Final AbsJ,,Final J,,Final I,,0.00E+00,0.00E+00,1.70E-11
3.88E-11,8.92E-12,1.52E-11,9.67E-12,5.28E-12,1.99E-11,1.86E-11,1.78E-11,4.42E-12,1.62E-11,1.55E-11,,0.00E+00,6.51E-01,0,6.51E-01,2.15E-11,7.83E-11,,,3.25E-01,,3.25E-01,,4.99E-11,,0.00E+00,0.00E+00,3.88E-11
2.41E-11,1.85E-11,3.69E-11,1.79E-11,1.3E-11,3.78E-11,3.13E-11,2.01E-11,4.69E-11,1.82E-11,2.65E-11,,0.00E+00,1.30E+00,0,1.30E+00,1.55E-11,4.16E-11,,,6.50E-01,,6.50E-01,,2.85E-11,,6.50E-01,6.50E-01,2.41E-11
7.91E-11,3.77E-11,2.83E-11,1.49E-11,2.18E-11,2.87E-11,2.24E-11,2.13E-11,9.35E-11,1.29E-11,3.61E-11,,6.51E-01,1.95E+00,0.6508,1.95E+00,2.65E-11,4.74E-11,,,1.30E+00,,1.30E+00,,3.69E-11,,1.30E+00,1.30E+00,7.91E-11
7.69E-11,2.97E-11,6.74E-11,3.44E-11,2.26E-11,2.11E-11,2.78E-11,1.4E-11,1.39E-11,1.39E-11,3.22E-11,,1.30E+00,2.60E+00,1.3,2.60E+00,3.61E-11,3.63E-11,,,1.95E+00,,1.95E+00,,3.62E-11,,1.95E+00,1.95E+00,7.69E-11
3.48E-11,1.97E-11,4.78E-11,1.31E-11,1.78E-11,1.32E-11,2.49E-11,2.17E-11,2.23E-11,1.96E-11,2.35E-11,,1.95E+00,3.24E+00,1.95,3.24E+00,3.22E-11,3.43E-11,,,2.60E+00,,2.60E+00,,3.32E-11,,2.59E+00,2.59E+00,3.48E-11
6.50E-11,7.2E-11,2.57E-11,1.36E-11,1.27E-11,6.99E-11,2E-11,1.51E-11,7.4E-11,2.87E-11,3.97E-11,,2.60E+00,3.89E+00,2.599,3.89E+00,2.35E-11,3.45E-11,,,3.24E+00,,3.24E+00,,2.90E-11,,3.24E+00,3.24E+00,6.50E-11
3.41E-11,2.5E-11,1.5E-11,2.03E-11,1.22E-11,4.66E-11,2.3E-11,2.68E-11,2.26E-11,1.22E-11,2.38E-11,,3.24E+00,4.54E+00,3.244,4.54E+00,3.97E-11,3.74E-11,,,3.89E+00,,3.89E+00,,3.86E-11,,3.89E+00,3.89E+00,3.41E-11
3.37E-11,3.23E-11,1.83E-11,1.69E-11,2.26E-11,3.23E-11,3.23E-11,2.29E-11,3.29E-11,3.15E-11,2.76E-11,,3.89E+00,5.19E+00,3.89,5.19E+00,2.38E-11,3.99E-11,,,4.54E+00,,4.54E+00,,3.18E-11,,4.54E+00,4.54E+00,3.37E-11
4.53E-11,3.27E-11,2.24E-11,1.89E-11,3.07E-11,2.43E-11,3.04E-11,2.98E-11,4.2E-11,3.06E-11,3.07E-11,,4.54E+00,5.83E+00,4.54,5.83E+00,2.76E-11,2.76E-11,,,5.19E+00,,5.19E+00,,2.76E-11,,5.18E+00,5.18E+00,4.53E-11
1.20E-10,4.61E-11,1.4E-11,2.07E-11,3.3E-11,1.67E-11,1.68E-11,2.09E-11,3.68E-11,3.55E-11,3.61E-11,,5.19E+00,6.48E+00,5.189,6.48E+00,3.07E-11,1.50E-11,,,5.83E+00,,5.83E+00,,2.28E-11,,5.83E+00,5.83E+00,1.20E-10
3.64E-11,2.35E-11,1.28E-11,1.2E-11,2.31E-11,2.42E-11,2.76E-11,1.62E-11,1.37E-11,1.13E-10,3.03E-11,,5.84E+00,6.48E+00,5.835,6.48E+00,3.61E-11,3.03E-11,,,6.16E+00,,6.16E+00,,3.32E-11,,6.47E+00,6.47E+00,3.64E-11
3.45E-11,8.72E-12,2.75E-12,8.8E-12,9.23E-12,6.36E-12,1.55E-11,8.97E-12,9.06E-12,4.57E-11,1.50E-11,,6.48E+00,,6.479,,3.03E-11,,,,3.24E-01,,-3.24E-01,,2.03E-11,,6.47E+00,6.47E+00,3.45E-11
4.88E-11,2.22E-11,1.51E-11,1.52E-11,1.34E-11,1.15E-11,2.5E-11,2.75E-11,3.24E-11,6.51E-11,2.76E-11,,6.48E+00,,6.479,,1.50E-11,,,,6.50E-01,,-6.50E-01,,3.42E-11,,5.83E+00,5.83E+00,4.88E-11
1.52E-10,2.9E-11,1.84E-11,1.56E-11,2.02E-11,1.15E-11,3.07E-11,2.15E-11,3.16E-11,6.84E-11,3.99E-11,,5.83E+00,,5.831,,2.76E-11,,,,1.30E+00,,-1.30E+00,,2.52E-11,,5.18E+00,5.18E+00,1.52E-10
9.64E-11,3.58E-11,1.9E-11,1.63E-11,2.05E-11,1.36E-11,2.01E-11,2.22E-11,4.73E-11,8.32E-11,3.74E-11,,5.19E+00,,5.188,,3.99E-11,,,,1.95E+00,,-1.95E+00,,2.51E-11,,4.53E+00,4.53E+00,9.64E-11
8.47E-11,2.35E-11,2.55E-11,2.11E-11,2.34E-11,1.38E-11,2.75E-11,2.46E-11,2.89E-11,7.23E-11,3.45E-11,,4.54E+00,,4.539,,3.74E-11,,,,2.59E+00,,-2.59E+00,,2.45E-11,,3.89E+00,3.89E+00,8.47E-11
1.04E-10,2.73E-11,3.32E-11,1.67E-11,2.08E-11,1.7E-11,3.88E-11,1.93E-11,3.08E-11,3.51E-11,3.43E-11,,3.89E+00,,3.89,,3.45E-11,,,,3.24E+00,,-3.24E+00,,9.26E-11,,3.24E+00,3.24E+00,1.04E-10
1.35E-10,2.63E-11,1.59E-11,2.02E-11,1.87E-11,1.76E-11,3.73E-11,2.28E-11,2.4E-11,4.48E-11,3.63E-11,,3.24E+00,,3.24,,3.43E-11,,,,3.88E+00,,-3.88E+00,,3.67E-11,,2.59E+00,2.59E+00,1.35E-10
1.28E-10,2.52E-11,2.52E-11,2.14E-11,2.1E-11,1.03E-10,3.36E-11,3.34E-11,2.72E-11,5.55E-11,4.74E-11,,2.60E+00,,2.595,,3.63E-11,,,,4.53E+00,,-4.53E+00,,4.04E-11,,1.94E+00,1.94E+00,1.28E-10
8.56E-11,4.48E-11,1.61E-11,2.78E-11,1.82E-11,1.05E-10,2.07E-11,2.62E-11,2.78E-11,4.35E-11,4.16E-11,,1.95E+00,,1.949,,4.74E-11,,,,5.17E+00,,-5.17E+00,,2.45E-11,,1.30E+00,1.30E+00,8.56E-11
5.56E-11,4.61E-11,3.85E-11,2.07E-11,1.81E-11,4.75E-10,3.13E-11,3.47E-11,2.76E-11,3.54E-11,7.83E-11,,1.30E+00,,1.3,,4.16E-11,,,,5.82E+00,,-5.82E+00,,2.42E-11,,6.50E-01,6.50E-01,5.56E-11
5.18E-11,2.77E-11,4.44E-11,1.69E-11,2.03E-11,2.31E-10,2.71E-11,2E-11,2.13E-11,5.35E-11,5.14E-11,,6.51E-01,,0.6505,,7.83E-11,,,,6.14E+00,,-6.14E+00,,2.94E-11,,0.00E+00,0.00E+00,5.18E-11
5.15E-11,2.46E-11,4.82E-11,2.08E-11,2.37E-11,4.39E-11,2.81E-11,2.39E-11,2.18E-11,2.96E-11,3.16E-11,,0,6.48E-01,0,-6.48E-01,2.15E-11,1.91E-11,,,,,,,,,6.47E-01,-6.47E-01,5.15E-11
2.65E-11,2.4E-11,2.52E-11,2.23E-11,2.84E-11,2.15E-11,2.74E-11,3.65E-11,2.3E-11,7.35E-11,3.08E-11,,0.00E+00,1.30E+00,0,-1.30E+00,5.14E-11,1.69E-11,,,,,,,,,1.30E+00,-1.30E+00,2.65E-11
2.08E-11,2.45E-11,2.72E-11,2.89E-11,1.73E-11,5.71E-11,2.45E-11,2.6E-11,2.59E-11,4.24E-11,2.95E-11,,6.48E-01,1.94E+00,-0.6477,-1.94E+00,3.16E-11,1.88E-11,,,,,,,,,1.94E+00,-1.94E+00,2.08E-11
2.85E-11,2.6E-11,2.32E-11,2.38E-11,3.89E-11,1.33E-09,5.08E-11,2.65E-11,2.7E-11,1.94E-11,1.59E-10,,1.30E+00,2.59E+00,-1.3,-2.59E+00,3.08E-11,1.93E-11,,,,,,,,,2.59E+00,-2.59E+00,2.85E-11
2.68E-11,2.39E-11,2.88E-11,2.13E-11,1.2E-11,1.44E-10,2.6E-11,2.44E-11,2.23E-11,3E-11,3.60E-11,,1.94E+00,3.24E+00,-1.94,-3.24E+00,2.95E-11,1.95E-11,,,,,,,,,3.23E+00,-3.23E+00,2.68E-11
2.35E-11,1.9E-11,3.04E-11,2.9E-11,1.82E-11,2.05E-11,3.38E-11,2.73E-11,2.54E-11,3.43E-11,2.61E-11,,2.59E+00,3.89E+00,-2.59,-3.89E+00,1.59E-10,2.59E-11,,,,,,,,,3.88E+00,-3.88E+00,2.35E-11
2.28E-11,2.26E-11,2.39E-11,2.4E-11,1.8E-11,7.67E-11,4.08E-11,3E-11,1.85E-11,3.27E-11,3.10E-11,,3.24E+00,4.53E+00,-3.239,-4.53E+00,3.60E-11,3.75E-11,,,,,,,,,4.53E+00,-4.53E+00,2.28E-11
2.12E-11,2.25E-11,3.13E-11,2.36E-11,2.44E-11,5.24E-11,3.42E-11,2.75E-11,2.33E-11,2.67E-11,2.87E-11,,3.88E+00,5.18E+00,-3.88,-5.18E+00,2.61E-11,5.47E-11,,,,,,,,,5.17E+00,-5.17E+00,2.12E-11
4.50E-11,2.34E-11,2.31E-11,1.98E-11,2.02E-11,4.26E-11,3.35E-11,2.46E-11,2E-11,4.49E-11,2.97E-11,,4.53E+00,5.82E+00,-4.53,-5.82E+00,3.10E-11,1.81E-11,,,,,,,,,5.81E+00,-5.81E+00,4.50E-11
1.89E-11,2.27E-11,2.6E-11,2.21E-11,3.42E-11,1.97E-11,5.4E-11,4.27E-11,3.11E-11,2.01E-11,2.92E-11,,5.18E+00,6.46E+00,-5.176,-6.46E+00,2.87E-11,1.97E-11,,,,,,,,,6.46E+00,-6.46E+00,1.89E-11
1.42E-11,8.25E-12,1.25E-11,7.46E-12,5.41E-11,2.05E-11,2.81E-11,2.34E-11,1.18E-11,1.62E-11,1.97E-11,,5.82E+00,6.46E+00,-5.817,-6.46E+00,2.97E-11,2.92E-11,,,,,,,,,6.46E+00,-6.46E+00,1.42E-11
8.97E-12,8.29E-12,1.81E-11,7.44E-12,3.66E-11,2.11E-11,1.32E-11,1.9E-11,1.01E-11,3.79E-11,1.81E-11,,6.46E+00,,-6.46,,2.92E-11,,,,,,,,,,5.81E+00,-5.81E+00,8.97E-12
7.96E-12,9.68E-12,9.72E-12,1.7E-11,3.97E-10,1.69E-11,2.67E-11,2.48E-11,1.17E-11,2.55E-11,5.47E-11,,6.46E+00,,-6.462,,1.97E-11,,,,,,,,,,5.17E+00,-5.17E+00,7.96E-12
5.97E-12,9.44E-12,4.64E-11,2.19E-11,1.84E-10,3.23E-11,2.83E-11,1.27E-11,1.82E-11,1.58E-11,3.75E-11,,5.82E+00,,-5.818,,1.81E-11,,,,,,,,,,4.53E+00,-4.53E+00,5.97E-12
1.31E-11,1.55E-11,2.05E-11,1.52E-11,9.42E-11,2.34E-11,1.6E-11,1.31E-11,1.09E-11,3.69E-11,2.59E-11,,5.18E+00,,-5.178,,5.47E-11,,,,,,,,,,3.88E+00,-3.88E+00,1.31E-11
1.29E-11,1.06E-11,2.86E-11,1.43E-11,2.95E-11,1.63E-11,2.1E-11,1.41E-11,2.9E-11,1.82E-11,1.95E-11,,4.53E+00,,-4.53,,3.75E-11,,,,,,,,,,3.24E+00,-3.24E+00,1.29E-11
1.35E-11,1.92E-11,1.05E-11,1.55E-11,3.82E-11,2.55E-11,2.57E-11,1.22E-11,1.96E-11,1.34E-11,1.93E-11,,3.89E+00,,-3.885,,2.59E-11,,,,,,,,,,2.59E+00,-2.59E+00,1.35E-11
1.12E-11,3.32E-11,2.13E-11,1.39E-11,2.48E-11,1.93E-11,2.08E-11,1.47E-11,1.85E-11,9.95E-12,1.88E-11,,3.24E+00,,-3.24,,1.95E-11,,,,,,,,,,1.94E+00,-1.94E+00,1.12E-11
1.29E-11,1.71E-11,1.74E-11,1.37E-11,2.01E-11,2.59E-11,2.2E-11,1.42E-11,1.46E-11,1.15E-11,1.69E-11,,2.59E+00,,-2.59,,1.93E-11,,,,,,,,,,1.30E+00,-1.30E+00,1.29E-11
1.54E-11,5.59E-11,1.89E-11,1.18E-11,1.95E-11,2.1E-11,9.77E-12,1.1E-11,1.2E-11,1.53E-11,1.91E-11,,1.94E+00,,-1.943,,1.88E-11,,,,,,,,,,6.47E-01,-6.47E-01,1.54E-11
1.49E-11,,,,,,,,,,,,1.30E+00,,-1.3,,1.69E-11,,,,,,,,,,0.00E+00,0.00E+00,1.49E-11
8.92E-12,,,,,,,,,,,,6.48E-01,,-0.6479,,1.91E-11,,,,,,,,,,0.00E+00,0.00E+00,8.92E-12
1.85E-11,,,,,,,,,,,,,,,,,,,,,,,,,,6.50E-01,6.50E-01,1.85E-11
3.77E-11,,,,,,,,,,,,,,,,,,,,,,,,,,1.30E+00,1.30E+00,3.77E-11
2.97E-11,,,,,,,,,,,,,,,,,,,,,,,,,,1.95E+00,1.95E+00,2.97E-11
1.97E-11,,,,,,,,,,,,,,,,,,,,,,,,,,2.60E+00,2.60E+00,1.97E-11
7.20E-11,,,,,,,,,,,,,,,,,,,,,,,,,,3.24E+00,3.24E+00,7.20E-11
2.50E-11,,,,,,,,,,,,,,,,,,,,,,,,,,3.89E+00,3.89E+00,2.50E-11
3.23E-11,,,,,,,,,,,,,,,,,,,,,,,,,,4.54E+00,4.54E+00,3.23E-11
3.27E-11,,,,,,,,,,,,,,,,,,,,,,,,,,5.19E+00,5.19E+00,3.27E-11
4.61E-11,,,,,,,,,,,,,,,,,,,,,,,,,,5.83E+00,5.83E+00,4.61E-11
2.35E-11,,,,,,,,,,,,,,,,,,,,,,,,,,6.48E+00,6.48E+00,2.35E-11
8.72E-12,,,,,,,,,,,,,,,,,,,,,,,,,,6.48E+00,6.48E+00,8.72E-12
2.22E-11,,,,,,,,,,,,,,,,,,,,,,,,,,5.83E+00,5.83E+00,2.22E-11
2.90E-11,,,,,,,,,,,,,,,,,,,,,,,,,,5.18E+00,5.18E+00,2.90E-11
3.58E-11,,,,,,,,,,,,,,,,,,,,,,,,,,4.54E+00,4.54E+00,3.58E-11
2.35E-11,,,,,,,,,,,,,,,,,,,,,,,,,,3.89E+00,3.89E+00,2.35E-11
2.73E-11,,,,,,,,,,,,,,,,,,,,,,,,,,3.24E+00,3.24E+00,2.73E-11
2.63E-11,,,,,,,,,,,,,,,,,,,,,,,,,,2.59E+00,2.59E+00,2.63E-11
2.52E-11,,,,,,,,,,,,,,,,,,,,,,,,,,1.95E+00,1.95E+00,2.52E-11
4.48E-11,,,,,,,,,,,,,,,,,,,,,,,,,,1.30E+00,1.30E+00,4.48E-11
4.61E-11,,,,,,,,,,,,,,,,,,,,,,,,,,6.50E-01,6.50E-01,4.61E-11
2.77E-11,,,,,,,,,,,,,,,,,,,,,,,,,,0.00E+00,0.00E+00,2.77E-11
2.46E-11,,,,,,,,,,,,,,,,,,,,,,,,,,6.47E-01,-6.47E-01,2.46E-11
2.40E-11,,,,,,,,,,,,,,,,,,,,,,,,,,1.30E+00,-1.30E+00,2.40E-11
2.45E-11,,,,,,,,,,,,,,,,,,,,,,,,,,1.94E+00,-1.94E+00,2.45E-11
2.60E-11,,,,,,,,,,,,,,,,,,,,,,,,,,2.59E+00,-2.59E+00,2.60E-11
2.39E-11,,,,,,,,,,,,,,,,,,,,,,,,,,3.24E+00,-3.24E+00,2.39E-11
1.90E-11,,,,,,,,,,,,,,,,,,,,,,,,,,3.88E+00,-3.88E+00,1.90E-11
2.26E-11,,,,,,,,,,,,,,,,,,,,,,,,,,4.53E+00,-4.53E+00,2.26E-11
2.25E-11,,,,,,,,,,,,,,,,,,,,,,,,,,5.17E+00,-5.17E+00,2.25E-11
2.34E-11,,,,,,,,,,,,,,,,,,,,,,,,,,5.81E+00,-5.81E+00,2.34E-11
2.27E-11,,,,,,,,,,,,,,,,,,,,,,,,,,6.46E+00,-6.46E+00,2.27E-11
8.25E-12,,,,,,,,,,,,,,,,,,,,,,,,,,6.46E+00,-6.46E+00,8.25E-12
8.29E-12,,,,,,,,,,,,,,,,,,,,,,,,,,5.81E+00,-5.81E+00,8.29E-12
9.68E-12,,,,,,,,,,,,,,,,,,,,,,,,,,5.17E+00,-5.17E+00,9.68E-12
9.44E-12,,,,,,,,,,,,,,,,,,,,,,,,,,4.53E+00,-4.53E+00,9.44E-12
1.55E-11,,,,,,,,,,,,,,,,,,,,,,,,,,3.88E+00,-3.88E+00,1.55E-11
1.06E-11,,,,,,,,,,,,,,,,,,,,,,,,,,3.24E+00,-3.24E+00,1.06E-11
1.92E-11,,,,,,,,,,,,,,,,,,,,,,,,,,2.59E+00,-2.59E+00,1.92E-11
3.32E-11,,,,,,,,,,,,,,,,,,,,,,,,,,1.94E+00,-1.94E+00,3.32E-11
1.71E-11,,,,,,,,,,,,,,,,,,,,,,,,,,1.30E+00,-1.30E+00,1.71E-11
5.59E-11,,,,,,,,,,,,,,,,,,,,,,,,,,6.48E-01,-6.48E-01,5.59E-11
3.35E-11,,,,,,,,,,,,,,,,,,,,,,,,,,0.00E+00,0.00E+00,3.35E-11
1.52E-11,,,,,,,,,,,,,,,,,,,,,,,,,,0.00E+00,0.00E+00,1.52E-11
3.69E-11,,,,,,,,,,,,,,,,,,,,,,,,,,6.51E-01,6.51E-01,3.69E-11
2.83E-11,,,,,,,,,,,,,,,,,,,,,,,,,,1.30E+00,1.30E+00,2.83E-11
6.74E-11,,,,,,,,,,,,,,,,,,,,,,,,,,1.95E+00,1.95E+00,6.74E-11
4.78E-11,,,,,,,,,,,,,,,,,,,,,,,,,,2.60E+00,2.60E+00,4.78E-11
2.57E-11,,,,,,,,,,,,,,,,,,,,,,,,,,3.24E+00,3.24E+00,2.57E-11
1.50E-11,,,,,,,,,,,,,,,,,,,,,,,,,,3.89E+00,3.89E+00,1.50E-11
1.83E-11,,,,,,,,,,,,,,,,,,,,,,,,,,4.54E+00,4.54E+00,1.83E-11
2.24E-11,,,,,,,,,,,,,,,,,,,,,,,,,,5.19E+00,5.19E+00,2.24E-11
1.40E-11,,,,,,,,,,,,,,,,,,,,,,,,,,5.83E+00,5.83E+00,1.40E-11
1.28E-11,,,,,,,,,,,,,,,,,,,,,,,,,,6.48E+00,6.48E+00,1.28E-11
2.75E-12,,,,,,,,,,,,,,,,,,,,,,,,,,6.48E+00,6.48E+00,2.75E-12
1.51E-11,,,,,,,,,,,,,,,,,,,,,,,,,,5.83E+00,5.83E+00,1.51E-11
1.84E-11,,,,,,,,,,,,,,,,,,,,,,,,,,5.19E+00,5.19E+00,1.84E-11
1.90E-11,,,,,,,,,,,,,,,,,,,,,,,,,,4.54E+00,4.54E+00,1.90E-11
2.55E-11,,,,,,,,,,,,,,,,,,,,,,,,,,3.89E+00,3.89E+00,2.55E-11
3.32E-11,,,,,,,,,,,,,,,,,,,,,,,,,,3.24E+00,3.24E+00,3.32E-11
1.59E-11,,,,,,,,,,,,,,,,,,,,,,,,,,2.59E+00,2.59E+00,1.59E-11
2.52E-11,,,,,,,,,,,,,,,,,,,,,,,,,,1.95E+00,1.95E+00,2.52E-11
1.61E-11,,,,,,,,,,,,,,,,,,,,,,,,,,1.30E+00,1.30E+00,1.61E-11
3.85E-11,,,,,,,,,,,,,,,,,,,,,,,,,,6.50E-01,6.50E-01,3.85E-11
4.44E-11,,,,,,,,,,,,,,,,,,,,,,,,,,0.00E+00,0.00E+00,4.44E-11
4.82E-11,,,,,,,,,,,,,,,,,,,,,,,,,,6.47E-01,-6.47E-01,4.82E-11
2.52E-11,,,,,,,,,,,,,,,,,,,,,,,,,,1.30E+00,-1.30E+00,2.52E-11
2.72E-11,,,,,,,,,,,,,,,,,,,,,,,,,,1.94E+00,-1.94E+00,2.72E-11
2.32E-11,,,,,,,,,,,,,,,,,,,,,,,,,,2.59E+00,-2.59E+00,2.32E-11
2.88E-11,,,,,,,,,,,,,,,,,,,,,,,,,,3.24E+00,-3.24E+00,2.88E-11
3.04E-11,,,,,,,,,,,,,,,,,,,,,,,,,,3.88E+00,-3.88E+00,3.04E-11
2.39E-11,,,,,,,,,,,,,,,,,,,,,,,,,,4.53E+00,-4.53E+00,2.39E-11
3.13E-11,,,,,,,,,,,,,,,,,,,,,,,,,,5.17E+00,-5.17E+00,3.13E-11
2.31E-11,,,,,,,,,,,,,,,,,,,,,,,,,,5.81E+00,-5.81E+00,2.31E-11
2.60E-11,,,,,,,,,,,,,,,,,,,,,,,,,,6.46E+00,-6.46E+00,2.60E-11
1.25E-11,,,,,,,,,,,,,,,,,,,,,,,,,,6.46E+00,-6.46E+00,1.25E-11
1.81E-11,,,,,,,,,,,,,,,,,,,,,,,,,,5.82E+00,-5.82E+00,1.81E-11
9.72E-12,,,,,,,,,,,,,,,,,,,,,,,,,,5.18E+00,-5.18E+00,9.72E-12
4.64E-11,,,,,,,,,,,,,,,,,,,,,,,,,,4.53E+00,-4.53E+00,4.64E-11
2.05E-11,,,,,,,,,,,,,,,,,,,,,,,,,,3.88E+00,-3.88E+00,2.05E-11
2.86E-11,,,,,,,,,,,,,,,,,,,,,,,,,,3.24E+00,-3.24E+00,2.86E-11
1.05E-11,,,,,,,,,,,,,,,,,,,,,,,,,,2.59E+00,-2.59E+00,1.05E-11
2.13E-11,,,,,,,,,,,,,,,,,,,,,,,,,,1.94E+00,-1.94E+00,2.13E-11
1.74E-11,,,,,,,,,,,,,,,,,,,,,,,,,,1.30E+00,-1.30E+00,1.74E-11
1.89E-11,,,,,,,,,,,,,,,,,,,,,,,,,,6.48E-01,-6.48E-01,1.89E-11
3.59E-11,,,,,,,,,,,,,,,,,,,,,,,,,,0.00E+00,0.00E+00,3.59E-11
9.67E-12,,,,,,,,,,,,,,,,,,,,,,,,,,0.00E+00,0.00E+00,9.67E-12
1.79E-11,,,,,,,,,,,,,,,,,,,,,,,,,,6.51E-01,6.51E-01,1.79E-11
1.49E-11,,,,,,,,,,,,,,,,,,,,,,,,,,1.30E+00,1.30E+00,1.49E-11
3.44E-11,,,,,,,,,,,,,,,,,,,,,,,,,,1.95E+00,1.95E+00,3.44E-11
1.31E-11,,,,,,,,,,,,,,,,,,,,,,,,,,2.60E+00,2.60E+00,1.31E-11
1.36E-11,,,,,,,,,,,,,,,,,,,,,,,,,,3.24E+00,3.24E+00,1.36E-11
2.03E-11,,,,,,,,,,,,,,,,,,,,,,,,,,3.89E+00,3.89E+00,2.03E-11
1.69E-11,,,,,,,,,,,,,,,,,,,,,,,,,,4.54E+00,4.54E+00,1.69E-11
1.89E-11,,,,,,,,,,,,,,,,,,,,,,,,,,5.19E+00,5.19E+00,1.89E-11
2.07E-11,,,,,,,,,,,,,,,,,,,,,,,,,,5.83E+00,5.83E+00,2.07E-11
1.20E-11,,,,,,,,,,,,,,,,,,,,,,,,,,6.48E+00,6.48E+00,1.20E-11
8.80E-12,,,,,,,,,,,,,,,,,,,,,,,,,,6.48E+00,6.48E+00,8.80E-12
1.52E-11,,,,,,,,,,,,,,,,,,,,,,,,,,5.83E+00,5.83E+00,1.52E-11
1.56E-11,,,,,,,,,,,,,,,,,,,,,,,,,,5.19E+00,5.19E+00,1.56E-11
1.63E-11,,,,,,,,,,,,,,,,,,,,,,,,,,4.54E+00,4.54E+00,1.63E-11
2.11E-11,,,,,,,,,,,,,,,,,,,,,,,,,,3.89E+00,3.89E+00,2.11E-11
1.67E-11,,,,,,,,,,,,,,,,,,,,,,,,,,3.24E+00,3.24E+00,1.67E-11
2.02E-11,,,,,,,,,,,,,,,,,,,,,,,,,,2.59E+00,2.59E+00,2.02E-11
2.14E-11,,,,,,,,,,,,,,,,,,,,,,,,,,1.95E+00,1.95E+00,2.14E-11
2.78E-11,,,,,,,,,,,,,,,,,,,,,,,,,,1.30E+00,1.30E+00,2.78E-11
2.07E-11,,,,,,,,,,,,,,,,,,,,,,,,,,6.50E-01,6.50E-01,2.07E-11
1.69E-11,,,,,,,,,,,,,,,,,,,,,,,,,,0.00E+00,0.00E+00,1.69E-11
2.08E-11,,,,,,,,,,,,,,,,,,,,,,,,,,6.48E-01,-6.48E-01,2.08E-11
2.23E-11,,,,,,,,,,,,,,,,,,,,,,,,,,1.30E+00,-1.30E+00,2.23E-11
2.89E-11,,,,,,,,,,,,,,,,,,,,,,,,,,1.94E+00,-1.94E+00,2.89E-11
2.38E-11,,,,,,,,,,,,,,,,,,,,,,,,,,2.59E+00,-2.59E+00,2.38E-11
2.13E-11,,,,,,,,,,,,,,,,,,,,,,,,,,3.24E+00,-3.24E+00,2.13E-11
2.90E-11,,,,,,,,,,,,,,,,,,,,,,,,,,3.88E+00,-3.88E+00,2.90E-11
2.40E-11,,,,,,,,,,,,,,,,,,,,,,,,,,4.53E+00,-4.53E+00,2.40E-11
2.36E-11,,,,,,,,,,,,,,,,,,,,,,,,,,5.17E+00,-5.17E+00,2.36E-11
1.98E-11,,,,,,,,,,,,,,,,,,,,,,,,,,5.82E+00,-5.82E+00,1.98E-11
2.21E-11,,,,,,,,,,,,,,,,,,,,,,,,,,6.46E+00,-6.46E+00,2.21E-11
7.46E-12,,,,,,,,,,,,,,,,,,,,,,,,,,6.46E+00,-6.46E+00,7.46E-12
7.44E-12,,,,,,,,,,,,,,,,,,,,,,,,,,5.82E+00,-5.82E+00,7.44E-12
1.70E-11,,,,,,,,,,,,,,,,,,,,,,,,,,5.18E+00,-5.18E+00,1.70E-11
2.19E-11,,,,,,,,,,,,,,,,,,,,,,,,,,4.53E+00,-4.53E+00,2.19E-11
1.52E-11,,,,,,,,,,,,,,,,,,,,,,,,,,3.88E+00,-3.88E+00,1.52E-11
1.43E-11,,,,,,,,,,,,,,,,,,,,,,,,,,3.24E+00,-3.24E+00,1.43E-11
1.55E-11,,,,,,,,,,,,,,,,,,,,,,,,,,2.59E+00,-2.59E+00,1.55E-11
1.39E-11,,,,,,,,,,,,,,,,,,,,,,,,,,1.94E+00,-1.94E+00,1.39E-11
1.37E-11,,,,,,,,,,,,,,,,,,,,,,,,,,1.30E+00,-1.30E+00,1.37E-11
1.18E-11,,,,,,,,,,,,,,,,,,,,,,,,,,6.48E-01,-6.48E-01,1.18E-11
1.39E-11,,,,,,,,,,,,,,,,,,,,,,,,,,0.00E+00,0.00E+00,1.39E-11
5.28E-12,,,,,,,,,,,,,,,,,,,,,,,,,,0.00E+00,0.00E+00,5.28E-12
1.30E-11,,,,,,,,,,,,,,,,,,,,,,,,,,6.51E-01,6.51E-01,1.30E-11
2.18E-11,,,,,,,,,,,,,,,,,,,,,,,,,,1.30E+00,1.30E+00,2.18E-11
2.26E-11,,,,,,,,,,,,,,,,,,,,,,,,,,1.95E+00,1.95E+00,2.26E-11
1.78E-11,,,,,,,,,,,,,,,,,,,,,,,,,,2.60E+00,2.60E+00,1.78E-11
1.27E-11,,,,,,,,,,,,,,,,,,,,,,,,,,3.24E+00,3.24E+00,1.27E-11
1.22E-11,,,,,,,,,,,,,,,,,,,,,,,,,,3.89E+00,3.89E+00,1.22E-11
2.26E-11,,,,,,,,,,,,,,,,,,,,,,,,,,4.54E+00,4.54E+00,2.26E-11
3.07E-11,,,,,,,,,,,,,,,,,,,,,,,,,,5.19E+00,5.19E+00,3.07E-11
3.30E-11,,,,,,,,,,,,,,,,,,,,,,,,,,5.83E+00,5.83E+00,3.30E-11
2.31E-11,,,,,,,,,,,,,,,,,,,,,,,,,,6.48E+00,6.48E+00,2.31E-11
9.23E-12,,,,,,,,,,,,,,,,,,,,,,,,,,6.48E+00,6.48E+00,9.23E-12
1.34E-11,,,,,,,,,,,,,,,,,,,,,,,,,,5.83E+00,5.83E+00,1.34E-11
2.02E-11,,,,,,,,,,,,,,,,,,,,,,,,,,5.19E+00,5.19E+00,2.02E-11
2.05E-11,,,,,,,,,,,,,,,,,,,,,,,,,,4.54E+00,4.54E+00,2.05E-11
2.34E-11,,,,,,,,,,,,,,,,,,,,,,,,,,3.89E+00,3.89E+00,2.34E-11
2.08E-11,,,,,,,,,,,,,,,,,,,,,,,,,,3.24E+00,3.24E+00,2.08E-11
1.87E-11,,,,,,,,,,,,,,,,,,,,,,,,,,2.59E+00,2.59E+00,1.87E-11
2.10E-11,,,,,,,,,,,,,,,,,,,,,,,,,,1.95E+00,1.95E+00,2.10E-11
1.82E-11,,,,,,,,,,,,,,,,,,,,,,,,,,1.30E+00,1.30E+00,1.82E-11
1.81E-11,,,,,,,,,,,,,,,,,,,,,,,,,,6.50E-01,6.50E-01,1.81E-11
2.03E-11,,,,,,,,,,,,,,,,,,,,,,,,,,0.00E+00,0.00E+00,2.03E-11
2.37E-11,,,,,,,,,,,,,,,,,,,,,,,,,,6.48E-01,-6.48E-01,2.37E-11
2.84E-11,,,,,,,,,,,,,,,,,,,,,,,,,,1.30E+00,-1.30E+00,2.84E-11
1.73E-11,,,,,,,,,,,,,,,,,,,,,,,,,,1.94E+00,-1.94E+00,1.73E-11
3.89E-11,,,,,,,,,,,,,,,,,,,,,,,,,,2.59E+00,-2.59E+00,3.89E-11
1.20E-11,,,,,,,,,,,,,,,,,,,,,,,,,,3.24E+00,-3.24E+00,1.20E-11
1.82E-11,,,,,,,,,,,,,,,,,,,,,,,,,,3.88E+00,-3.88E+00,1.82E-11
1.80E-11,,,,,,,,,,,,,,,,,,,,,,,,,,4.53E+00,-4.53E+00,1.80E-11
2.44E-11,,,,,,,,,,,,,,,,,,,,,,,,,,5.18E+00,-5.18E+00,2.44E-11
2.02E-11,,,,,,,,,,,,,,,,,,,,,,,,,,5.82E+00,-5.82E+00,2.02E-11
3.42E-11,,,,,,,,,,,,,,,,,,,,,,,,,,6.46E+00,-6.46E+00,3.42E-11
5.41E-11,,,,,,,,,,,,,,,,,,,,,,,,,,6.46E+00,-6.46E+00,5.41E-11
3.66E-11,,,,,,,,,,,,,,,,,,,,,,,,,,5.82E+00,-5.82E+00,3.66E-11
3.97E-10,,,,,,,,,,,,,,,,,,,,,,,,,,5.18E+00,-5.18E+00,3.97E-10
1.84E-10,,,,,,,,,,,,,,,,,,,,,,,,,,4.53E+00,-4.53E+00,1.84E-10
9.42E-11,,,,,,,,,,,,,,,,,,,,,,,,,,3.88E+00,-3.88E+00,9.42E-11
2.95E-11,,,,,,,,,,,,,,,,,,,,,,,,,,3.24E+00,-3.24E+00,2.95E-11
3.82E-11,,,,,,,,,,,,,,,,,,,,,,,,,,2.59E+00,-2.59E+00,3.82E-11
2.48E-11,,,,,,,,,,,,,,,,,,,,,,,,,,1.94E+00,-1.94E+00,2.48E-11
2.01E-11,,,,,,,,,,,,,,,,,,,,,,,,,,1.30E+00,-1.30E+00,2.01E-11
1.95E-11,,,,,,,,,,,,,,,,,,,,,,,,,,6.48E-01,-6.48E-01,1.95E-11
1.98E-11,,,,,,,,,,,,,,,,,,,,,,,,,,0.00E+00,0.00E+00,1.98E-11
1.99E-11,,,,,,,,,,,,,,,,,,,,,,,,,,0.00E+00,0.00E+00,1.99E-11
3.78E-11,,,,,,,,,,,,,,,,,,,,,,,,,,6.51E-01,6.51E-01,3.78E-11
2.87E-11,,,,,,,,,,,,,,,,,,,,,,,,,,1.30E+00,1.30E+00,2.87E-11
2.11E-11,,,,,,,,,,,,,,,,,,,,,,,,,,1.95E+00,1.95E+00,2.11E-11
1.32E-11,,,,,,,,,,,,,,,,,,,,,,,,,,2.60E+00,2.60E+00,1.32E-11
6.99E-11,,,,,,,,,,,,,,,,,,,,,,,,,,3.25E+00,3.25E+00,6.99E-11
4.66E-11,,,,,,,,,,,,,,,,,,,,,,,,,,3.89E+00,3.89E+00,4.66E-11
3.23E-11,,,,,,,,,,,,,,,,,,,,,,,,,,4.54E+00,4.54E+00,3.23E-11
2.43E-11,,,,,,,,,,,,,,,,,,,,,,,,,,5.19E+00,5.19E+00,2.43E-11
1.67E-11,,,,,,,,,,,,,,,,,,,,,,,,,,5.84E+00,5.84E+00,1.67E-11
2.42E-11,,,,,,,,,,,,,,,,,,,,,,,,,,6.48E+00,6.48E+00,2.42E-11
6.36E-12,,,,,,,,,,,,,,,,,,,,,,,,,,6.48E+00,6.48E+00,6.36E-12
1.15E-11,,,,,,,,,,,,,,,,,,,,,,,,,,5.83E+00,5.83E+00,1.15E-11
1.15E-11,,,,,,,,,,,,,,,,,,,,,,,,,,5.19E+00,5.19E+00,1.15E-11
1.36E-11,,,,,,,,,,,,,,,,,,,,,,,,,,4.54E+00,4.54E+00,1.36E-11
1.38E-11,,,,,,,,,,,,,,,,,,,,,,,,,,3.89E+00,3.89E+00,1.38E-11
1.70E-11,,,,,,,,,,,,,,,,,,,,,,,,,,3.24E+00,3.24E+00,1.70E-11
1.76E-11,,,,,,,,,,,,,,,,,,,,,,,,,,2.60E+00,2.60E+00,1.76E-11
1.03E-10,,,,,,,,,,,,,,,,,,,,,,,,,,1.95E+00,1.95E+00,1.03E-10
1.05E-10,,,,,,,,,,,,,,,,,,,,,,,,,,1.30E+00,1.30E+00,1.05E-10
4.75E-10,,,,,,,,,,,,,,,,,,,,,,,,,,6.51E-01,6.51E-01,4.75E-10
2.31E-10,,,,,,,,,,,,,,,,,,,,,,,,,,0.00E+00,0.00E+00,2.31E-10
4.39E-11,,,,,,,,,,,,,,,,,,,,,,,,,,6.48E-01,-6.48E-01,4.39E-11
2.15E-11,,,,,,,,,,,,,,,,,,,,,,,,,,1.30E+00,-1.30E+00,2.15E-11
5.71E-11,,,,,,,,,,,,,,,,,,,,,,,,,,1.94E+00,-1.94E+00,5.71E-11
1.33E-09,,,,,,,,,,,,,,,,,,,,,,,,,,2.59E+00,-2.59E+00,1.33E-09
1.44E-10,,,,,,,,,,,,,,,,,,,,,,,,,,3.24E+00,-3.24E+00,1.44E-10
2.05E-11,,,,,,,,,,,,,,,,,,,,,,,,,,3.88E+00,-3.88E+00,2.05E-11
7.67E-11,,,,,,,,,,,,,,,,,,,,,,,,,,4.53E+00,-4.53E+00,7.67E-11
5.24E-11,,,,,,,,,,,,,,,,,,,,,,,,,,5.18E+00,-5.18E+00,5.24E-11
4.26E-11,,,,,,,,,,,,,,,,,,,,,,,,,,5.82E+00,-5.82E+00,4.26E-11
1.97E-11,,,,,,,,,,,,,,,,,,,,,,,,,,6.46E+00,-6.46E+00,1.97E-11
2.05E-11,,,,,,,,,,,,,,,,,,,,,,,,,,6.47E+00,-6.47E+00,2.05E-11
2.11E-11,,,,,,,,,,,,,,,,,,,,,,,,,,5.82E+00,-5.82E+00,2.11E-11
1.69E-11,,,,,,,,,,,,,,,,,,,,,,,,,,5.18E+00,-5.18E+00,1.69E-11
3.23E-11,,,,,,,,,,,,,,,,,,,,,,,,,,4.53E+00,-4.53E+00,3.23E-11
2.34E-11,,,,,,,,,,,,,,,,,,,,,,,,,,3.89E+00,-3.89E+00,2.34E-11
1.63E-11,,,,,,,,,,,,,,,,,,,,,,,,,,3.24E+00,-3.24E+00,1.63E-11
2.55E-11,,,,,,,,,,,,,,,,,,,,,,,,,,2.59E+00,-2.59E+00,2.55E-11
1.93E-11,,,,,,,,,,,,,,,,,,,,,,,,,,1.94E+00,-1.94E+00,1.93E-11
2.59E-11,,,,,,,,,,,,,,,,,,,,,,,,,,1.30E+00,-1.30E+00,2.59E-11
2.10E-11,,,,,,,,,,,,,,,,,,,,,,,,,,6.48E-01,-6.48E-01,2.10E-11
2.73E-11,,,,,,,,,,,,,,,,,,,,,,,,,,0.00E+00,0.00E+00,2.73E-11
1.86E-11,,,,,,,,,,,,,,,,,,,,,,,,,,0.00E+00,0.00E+00,1.86E-11
3.13E-11,,,,,,,,,,,,,,,,,,,,,,,,,,6.51E-01,6.51E-01,3.13E-11
2.24E-11,,,,,,,,,,,,,,,,,,,,,,,,,,1.30E+00,1.30E+00,2.24E-11
2.78E-11,,,,,,,,,,,,,,,,,,,,,,,,,,1.95E+00,1.95E+00,2.78E-11
2.49E-11,,,,,,,,,,,,,,,,,,,,,,,,,,2.60E+00,2.60E+00,2.49E-11
2.00E-11,,,,,,,,,,,,,,,,,,,,,,,,,,3.25E+00,3.25E+00,2.00E-11
2.30E-11,,,,,,,,,,,,,,,,,,,,,,,,,,3.89E+00,3.89E+00,2.30E-11
3.23E-11,,,,,,,,,,,,,,,,,,,,,,,,,,4.54E+00,4.54E+00,3.23E-11
3.04E-11,,,,,,,,,,,,,,,,,,,,,,,,,,5.19E+00,5.19E+00,3.04E-11
1.68E-11,,,,,,,,,,,,,,,,,,,,,,,,,,5.84E+00,5.84E+00,1.68E-11
2.76E-11,,,,,,,,,,,,,,,,,,,,,,,,,,6.48E+00,6.48E+00,2.76E-11
1.55E-11,,,,,,,,,,,,,,,,,,,,,,,,,,6.48E+00,6.48E+00,1.55E-11
2.50E-11,,,,,,,,,,,,,,,,,,,,,,,,,,5.84E+00,5.84E+00,2.50E-11
3.07E-11,,,,,,,,,,,,,,,,,,,,,,,,,,5.19E+00,5.19E+00,3.07E-11
2.01E-11,,,,,,,,,,,,,,,,,,,,,,,,,,4.54E+00,4.54E+00,2.01E-11
2.75E-11,,,,,,,,,,,,,,,,,,,,,,,,,,3.89E+00,3.89E+00,2.75E-11
3.88E-11,,,,,,,,,,,,,,,,,,,,,,,,,,3.24E+00,3.24E+00,3.88E-11
3.73E-11,,,,,,,,,,,,,,,,,,,,,,,,,,2.60E+00,2.60E+00,3.73E-11
3.36E-11,,,,,,,,,,,,,,,,,,,,,,,,,,1.95E+00,1.95E+00,3.36E-11
2.07E-11,,,,,,,,,,,,,,,,,,,,,,,,,,1.30E+00,1.30E+00,2.07E-11
3.13E-11,,,,,,,,,,,,,,,,,,,,,,,,,,6.51E-01,6.51E-01,3.13E-11
2.71E-11,,,,,,,,,,,,,,,,,,,,,,,,,,0.00E+00,0.00E+00,2.71E-11
2.81E-11,,,,,,,,,,,,,,,,,,,,,,,,,,6.48E-01,-6.48E-01,2.81E-11
2.74E-11,,,,,,,,,,,,,,,,,,,,,,,,,,1.30E+00,-1.30E+00,2.74E-11
2.45E-11,,,,,,,,,,,,,,,,,,,,,,,,,,1.94E+00,-1.94E+00,2.45E-11
5.08E-11,,,,,,,,,,,,,,,,,,,,,,,,,,2.59E+00,-2.59E+00,5.08E-11
2.60E-11,,,,,,,,,,,,,,,,,,,,,,,,,,3.24E+00,-3.24E+00,2.60E-11
3.38E-11,,,,,,,,,,,,,,,,,,,,,,,,,,3.88E+00,-3.88E+00,3.38E-11
4.08E-11,,,,,,,,,,,,,,,,,,,,,,,,,,4.53E+00,-4.53E+00,4.08E-11
3.42E-11,,,,,,,,,,,,,,,,,,,,,,,,,,5.18E+00,-5.18E+00,3.42E-11
3.35E-11,,,,,,,,,,,,,,,,,,,,,,,,,,5.82E+00,-5.82E+00,3.35E-11
5.40E-11,,,,,,,,,,,,,,,,,,,,,,,,,,6.46E+00,-6.46E+00,5.40E-11
2.81E-11,,,,,,,,,,,,,,,,,,,,,,,,,,6.46E+00,-6.46E+00,2.81E-11
1.32E-11,,,,,,,,,,,,,,,,,,,,,,,,,,5.82E+00,-5.82E+00,1.32E-11
2.67E-11,,,,,,,,,,,,,,,,,,,,,,,,,,5.18E+00,-5.18E+00,2.67E-11
2.83E-11,,,,,,,,,,,,,,,,,,,,,,,,,,4.53E+00,-4.53E+00,2.83E-11
1.60E-11,,,,,,,,,,,,,,,,,,,,,,,,,,3.89E+00,-3.89E+00,1.60E-11
2.10E-11,,,,,,,,,,,,,,,,,,,,,,,,,,3.24E+00,-3.24E+00,2.10E-11
2.57E-11,,,,,,,,,,,,,,,,,,,,,,,,,,2.59E+00,-2.59E+00,2.57E-11
2.08E-11,,,,,,,,,,,,,,,,,,,,,,,,,,1.94E+00,-1.94E+00,2.08E-11
2.20E-11,,,,,,,,,,,,,,,,,,,,,,,,,,1.30E+00,-1.30E+00,2.20E-11
9.77E-12,,,,,,,,,,,,,,,,,,,,,,,,,,6.48E-01,-6.48E-01,9.77E-12
1.96E-11,,,,,,,,,,,,,,,,,,,,,,,,,,0.00E+00,0.00E+00,1.96E-11
1.78E-11,,,,,,,,,,,,,,,,,,,,,,,,,,0.00E+00,0.00E+00,1.78E-11
2.01E-11,,,,,,,,,,,,,,,,,,,,,,,,,,6.51E-01,6.51E-01,2.01E-11
2.13E-11,,,,,,,,,,,,,,,,,,,,,,,,,,1.30E+00,1.30E+00,2.13E-11
1.40E-11,,,,,,,,,,,,,,,,,,,,,,,,,,1.95E+00,1.95E+00,1.40E-11
2.17E-11,,,,,,,,,,,,,,,,,,,,,,,,,,2.60E+00,2.60E+00,2.17E-11
1.51E-11,,,,,,,,,,,,,,,,,,,,,,,,,,3.25E+00,3.25E+00,1.51E-11
2.68E-11,,,,,,,,,,,,,,,,,,,,,,,,,,3.89E+00,3.89E+00,2.68E-11
2.29E-11,,,,,,,,,,,,,,,,,,,,,,,,,,4.54E+00,4.54E+00,2.29E-11
2.98E-11,,,,,,,,,,,,,,,,,,,,,,,,,,5.19E+00,5.19E+00,2.98E-11
2.09E-11,,,,,,,,,,,,,,,,,,,,,,,,,,5.84E+00,5.84E+00,2.09E-11
1.62E-11,,,,,,,,,,,,,,,,,,,,,,,,,,6.48E+00,6.48E+00,1.62E-11
8.97E-12,,,,,,,,,,,,,,,,,,,,,,,,,,6.48E+00,6.48E+00,8.97E-12
2.75E-11,,,,,,,,,,,,,,,,,,,,,,,,,,5.83E+00,5.83E+00,2.75E-11
2.15E-11,,,,,,,,,,,,,,,,,,,,,,,,,,5.19E+00,5.19E+00,2.15E-11
2.22E-11,,,,,,,,,,,,,,,,,,,,,,,,,,4.54E+00,4.54E+00,2.22E-11
2.46E-11,,,,,,,,,,,,,,,,,,,,,,,,,,3.89E+00,3.89E+00,2.46E-11
1.93E-11,,,,,,,,,,,,,,,,,,,,,,,,,,3.24E+00,3.24E+00,1.93E-11
2.28E-11,,,,,,,,,,,,,,,,,,,,,,,,,,2.60E+00,2.60E+00,2.28E-11
3.34E-11,,,,,,,,,,,,,,,,,,,,,,,,,,1.95E+00,1.95E+00,3.34E-11
2.62E-11,,,,,,,,,,,,,,,,,,,,,,,,,,1.30E+00,1.30E+00,2.62E-11
3.47E-11,,,,,,,,,,,,,,,,,,,,,,,,,,6.51E-01,6.51E-01,3.47E-11
2.00E-11,,,,,,,,,,,,,,,,,,,,,,,,,,0.00E+00,0.00E+00,2.00E-11
2.39E-11,,,,,,,,,,,,,,,,,,,,,,,,,,6.48E-01,-6.48E-01,2.39E-11
3.65E-11,,,,,,,,,,,,,,,,,,,,,,,,,,1.30E+00,-1.30E+00,3.65E-11
2.60E-11,,,,,,,,,,,,,,,,,,,,,,,,,,1.94E+00,-1.94E+00,2.60E-11
2.65E-11,,,,,,,,,,,,,,,,,,,,,,,,,,2.59E+00,-2.59E+00,2.65E-11
2.44E-11,,,,,,,,,,,,,,,,,,,,,,,,,,3.24E+00,-3.24E+00,2.44E-11
2.73E-11,,,,,,,,,,,,,,,,,,,,,,,,,,3.88E+00,-3.88E+00,2.73E-11
3.00E-11,,,,,,,,,,,,,,,,,,,,,,,,,,4.53E+00,-4.53E+00,3.00E-11
2.75E-11,,,,,,,,,,,,,,,,,,,,,,,,,,5.18E+00,-5.18E+00,2.75E-11
2.46E-11,,,,,,,,,,,,,,,,,,,,,,,,,,5.82E+00,-5.82E+00,2.46E-11
4.27E-11,,,,,,,,,,,,,,,,,,,,,,,,,,6.46E+00,-6.46E+00,4.27E-11
2.34E-11,,,,,,,,,,,,,,,,,,,,,,,,,,6.46E+00,-6.46E+00,2.34E-11
1.90E-11,,,,,,,,,,,,,,,,,,,,,,,,,,5.82E+00,-5.82E+00,1.90E-11
2.48E-11,,,,,,,,,,,,,,,,,,,,,,,,,,5.18E+00,-5.18E+00,2.48E-11
1.27E-11,,,,,,,,,,,,,,,,,,,,,,,,,,4.53E+00,-4.53E+00,1.27E-11
1.31E-11,,,,,,,,,,,,,,,,,,,,,,,,,,3.89E+00,-3.89E+00,1.31E-11
1.41E-11,,,,,,,,,,,,,,,,,,,,,,,,,,3.24E+00,-3.24E+00,1.41E-11
1.22E-11,,,,,,,,,,,,,,,,,,,,,,,,,,2.59E+00,-2.59E+00,1.22E-11
1.47E-11,,,,,,,,,,,,,,,,,,,,,,,,,,1.95E+00,-1.95E+00,1.47E-11
1.42E-11,,,,,,,,,,,,,,,,,,,,,,,,,,1.30E+00,-1.30E+00,1.42E-11
1.10E-11,,,,,,,,,,,,,,,,,,,,,,,,,,6.48E-01,-6.48E-01,1.10E-11
1.31E-11,,,,,,,,,,,,,,,,,,,,,,,,,,0.00E+00,0.00E+00,1.31E-11
4.42E-12,,,,,,,,,,,,,,,,,,,,,,,,,,0.00E+00,0.00E+00,4.42E-12
4.69E-11,,,,,,,,,,,,,,,,,,,,,,,,,,6.51E-01,6.51E-01,4.69E-11
9.35E-11,,,,,,,,,,,,,,,,,,,,,,,,,,1.30E+00,1.30E+00,9.35E-11
1.39E-11,,,,,,,,,,,,,,,,,,,,,,,,,,1.95E+00,1.95E+00,1.39E-11
2.23E-11,,,,,,,,,,,,,,,,,,,,,,,,,,2.60E+00,2.60E+00,2.23E-11
7.40E-11,,,,,,,,,,,,,,,,,,,,,,,,,,3.24E+00,3.24E+00,7.40E-11
2.26E-11,,,,,,,,,,,,,,,,,,,,,,,,,,3.89E+00,3.89E+00,2.26E-11
3.29E-11,,,,,,,,,,,,,,,,,,,,,,,,,,4.54E+00,4.54E+00,3.29E-11
4.20E-11,,,,,,,,,,,,,,,,,,,,,,,,,,5.19E+00,5.19E+00,4.20E-11
3.68E-11,,,,,,,,,,,,,,,,,,,,,,,,,,5.84E+00,5.84E+00,3.68E-11
1.37E-11,,,,,,,,,,,,,,,,,,,,,,,,,,6.48E+00,6.48E+00,1.37E-11
9.06E-12,,,,,,,,,,,,,,,,,,,,,,,,,,6.48E+00,6.48E+00,9.06E-12
3.24E-11,,,,,,,,,,,,,,,,,,,,,,,,,,5.83E+00,5.83E+00,3.24E-11
3.16E-11,,,,,,,,,,,,,,,,,,,,,,,,,,5.19E+00,5.19E+00,3.16E-11
4.73E-11,,,,,,,,,,,,,,,,,,,,,,,,,,4.54E+00,4.54E+00,4.73E-11
2.89E-11,,,,,,,,,,,,,,,,,,,,,,,,,,3.89E+00,3.89E+00,2.89E-11
3.08E-11,,,,,,,,,,,,,,,,,,,,,,,,,,3.24E+00,3.24E+00,3.08E-11
2.40E-11,,,,,,,,,,,,,,,,,,,,,,,,,,2.60E+00,2.60E+00,2.40E-11
2.72E-11,,,,,,,,,,,,,,,,,,,,,,,,,,1.95E+00,1.95E+00,2.72E-11
2.78E-11,,,,,,,,,,,,,,,,,,,,,,,,,,1.30E+00,1.30E+00,2.78E-11
2.76E-11,,,,,,,,,,,,,,,,,,,,,,,,,,6.51E-01,6.51E-01,2.76E-11
2.13E-11,,,,,,,,,,,,,,,,,,,,,,,,,,0.00E+00,0.00E+00,2.13E-11
2.18E-11,,,,,,,,,,,,,,,,,,,,,,,,,,6.48E-01,-6.48E-01,2.18E-11
2.30E-11,,,,,,,,,,,,,,,,,,,,,,,,,,1.30E+00,-1.30E+00,2.30E-11
2.59E-11,,,,,,,,,,,,,,,,,,,,,,,,,,1.94E+00,-1.94E+00,2.59E-11
2.70E-11,,,,,,,,,,,,,,,,,,,,,,,,,,2.59E+00,-2.59E+00,2.70E-11
2.23E-11,,,,,,,,,,,,,,,,,,,,,,,,,,3.24E+00,-3.24E+00,2.23E-11
2.54E-11,,,,,,,,,,,,,,,,,,,,,,,,,,3.88E+00,-3.88E+00,2.54E-11
1.85E-11,,,,,,,,,,,,,,,,,,,,,,,,,,4.53E+00,-4.53E+00,1.85E-11
2.33E-11,,,,,,,,,,,,,,,,,,,,,,,,,,5.18E+00,-5.18E+00,2.33E-11
2.00E-11,,,,,,,,,,,,,,,,,,,,,,,,,,5.82E+00,-5.82E+00,2.00E-11
3.11E-11,,,,,,,,,,,,,,,,,,,,,,,,,,6.46E+00,-6.46E+00,3.11E-11
1.18E-11,,,,,,,,,,,,,,,,,,,,,,,,,,6.46E+00,-6.46E+00,1.18E-11
1.01E-11,,,,,,,,,,,,,,,,,,,,,,,,,,5.82E+00,-5.82E+00,1.01E-11
1.17E-11,,,,,,,,,,,,,,,,,,,,,,,,,,5.18E+00,-5.18E+00,1.17E-11
1.82E-11,,,,,,,,,,,,,,,,,,,,,,,,,,4.53E+00,-4.53E+00,1.82E-11
1.09E-11,,,,,,,,,,,,,,,,,,,,,,,,,,3.89E+00,-3.89E+00,1.09E-11
2.90E-11,,,,,,,,,,,,,,,,,,,,,,,,,,3.24E+00,-3.24E+00,2.90E-11
1.96E-11,,,,,,,,,,,,,,,,,,,,,,,,,,2.59E+00,-2.59E+00,1.96E-11
1.85E-11,,,,,,,,,,,,,,,,,,,,,,,,,,1.95E+00,-1.95E+00,1.85E-11
1.46E-11,,,,,,,,,,,,,,,,,,,,,,,,,,1.30E+00,-1.30E+00,1.46E-11
1.20E-11,,,,,,,,,,,,,,,,,,,,,,,,,,6.48E-01,-6.48E-01,1.20E-11
2.03E-11,,,,,,,,,,,,,,,,,,,,,,,,,,0.00E+00,0.00E+00,2.03E-11
1.62E-11,,,,,,,,,,,,,,,,,,,,,,,,,,0.00E+00,0.00E+00,1.62E-11
1.82E-11,,,,,,,,,,,,,,,,,,,,,,,,,,6.51E-01,6.51E-01,1.82E-11
1.29E-11,,,,,,,,,,,,,,,,,,,,,,,,,,1.30E+00,1.30E+00,1.29E-11
1.39E-11,,,,,,,,,,,,,,,,,,,,,,,,,,1.95E+00,1.95E+00,1.39E-11
1.96E-11,,,,,,,,,,,,,,,,,,,,,,,,,,2.60E+00,2.60E+00,1.96E-11
2.87E-11,,,,,,,,,,,,,,,,,,,,,,,,,,3.25E+00,3.25E+00,2.87E-11
1.22E-11,,,,,,,,,,,,,,,,,,,,,,,,,,3.89E+00,3.89E+00,1.22E-11
3.15E-11,,,,,,,,,,,,,,,,,,,,,,,,,,4.54E+00,4.54E+00,3.15E-11
3.06E-11,,,,,,,,,,,,,,,,,,,,,,,,,,5.19E+00,5.19E+00,3.06E-11
3.55E-11,,,,,,,,,,,,,,,,,,,,,,,,,,5.84E+00,5.84E+00,3.55E-11
1.13E-10,,,,,,,,,,,,,,,,,,,,,,,,,,6.48E+00,6.48E+00,1.13E-10
4.57E-11,,,,,,,,,,,,,,,,,,,,,,,,,,6.48E+00,6.48E+00,4.57E-11
6.51E-11,,,,,,,,,,,,,,,,,,,,,,,,,,5.83E+00,5.83E+00,6.51E-11
6.84E-11,,,,,,,,,,,,,,,,,,,,,,,,,,5.19E+00,5.19E+00,6.84E-11
8.32E-11,,,,,,,,,,,,,,,,,,,,,,,,,,4.54E+00,4.54E+00,8.32E-11
7.23E-11,,,,,,,,,,,,,,,,,,,,,,,,,,3.89E+00,3.89E+00,7.23E-11
3.51E-11,,,,,,,,,,,,,,,,,,,,,,,,,,3.24E+00,3.24E+00,3.51E-11
4.48E-11,,,,,,,,,,,,,,,,,,,,,,,,,,2.60E+00,2.60E+00,4.48E-11
5.55E-11,,,,,,,,,,,,,,,,,,,,,,,,,,1.95E+00,1.95E+00,5.55E-11
4.35E-11,,,,,,,,,,,,,,,,,,,,,,,,,,1.30E+00,1.30E+00,4.35E-11
3.54E-11,,,,,,,,,,,,,,,,,,,,,,,,,,6.51E-01,6.51E-01,3.54E-11
5.35E-11,,,,,,,,,,,,,,,,,,,,,,,,,,0.00E+00,0.00E+00,5.35E-11
2.96E-11,,,,,,,,,,,,,,,,,,,,,,,,,,6.48E-01,-6.48E-01,2.96E-11
7.35E-11,,,,,,,,,,,,,,,,,,,,,,,,,,1.30E+00,-1.30E+00,7.35E-11
4.24E-11,,,,,,,,,,,,,,,,,,,,,,,,,,1.94E+00,-1.94E+00,4.24E-11
1.94E-11,,,,,,,,,,,,,,,,,,,,,,,,,,2.59E+00,-2.59E+00,1.94E-11
3.00E-11,,,,,,,,,,,,,,,,,,,,,,,,,,3.24E+00,-3.24E+00,3.00E-11
3.43E-11,,,,,,,,,,,,,,,,,,,,,,,,,,3.88E+00,-3.88E+00,3.43E-11
3.27E-11,,,,,,,,,,,,,,,,,,,,,,,,,,4.53E+00,-4.53E+00,3.27E-11
2.67E-11,,,,,,,,,,,,,,,,,,,,,,,,,,5.18E+00,-5.18E+00,2.67E-11
4.49E-11,,,,,,,,,,,,,,,,,,,,,,,,,,5.82E+00,-5.82E+00,4.49E-11
2.01E-11,,,,,,,,,,,,,,,,,,,,,,,,,,6.46E+00,-6.46E+00,2.01E-11
1.62E-11,,,,,,,,,,,,,,,,,,,,,,,,,,6.47E+00,-6.47E+00,1.62E-11
3.79E-11,,,,,,,,,,,,,,,,,,,,,,,,,,5.82E+00,-5.82E+00,3.79E-11
2.55E-11,,,,,,,,,,,,,,,,,,,,,,,,,,5.18E+00,-5.18E+00,2.55E-11
1.58E-11,,,,,,,,,,,,,,,,,,,,,,,,,,4.53E+00,-4.53E+00,1.58E-11
3.69E-11,,,,,,,,,,,,,,,,,,,,,,,,,,3.89E+00,-3.89E+00,3.69E-11
1.82E-11,,,,,,,,,,,,,,,,,,,,,,,,,,3.24E+00,-3.24E+00,1.82E-11
1.34E-11,,,,,,,,,,,,,,,,,,,,,,,,,,2.59E+00,-2.59E+00,1.34E-11
9.95E-12,,,,,,,,,,,,,,,,,,,,,,,,,,1.95E+00,-1.95E+00,9.95E-12
1.15E-11,,,,,,,,,,,,,,,,,,,,,,,,,,1.30E+00,-1.30E+00,1.15E-11
1.53E-11,,,,,,,,,,,,,,,,,,,,,,,,,,6.48E-01,-6.48E-01,1.53E-11
