9.95E-11,9.76E-11,7.23E-11,6.93E-11,1.00E-10,8.91E-11,6.49E-11,1.22E-10,9.57E-11,9.05E-11,9.01E-11,AVERAGE RESULTS->>>,AbsJ,,J,,I,,,COLLAPSE RESULTS->>>,Final AbsJ,,Final J,,Final I,,4.27E-05,2.56E-05,9.95E-11
5.96E-11,1.01E-10,1.38E-10,8.84E-11,8.24E-11,1.14E-10,7.81E-11,1.05E-10,9.18E-11,6.07E-11,9.19E-11,,3.87E-05,4.60E-01,0.00002319,2.76E-01,9.01E-11,1.07E-06,,,2.30E-01,,1.38E-01,,5.35E-07,,2.56E-05,1.54E-05,5.96E-11
1.07E-06,0.00000107,0.00000107,0.00000107,0.00000107,0.00000107,0.00000107,0.00000107,0.00000107,0.00000107,1.07E-06,,3.96E-05,9.19E-01,0.00002368,5.51E-01,9.19E-11,2.14E-06,,,4.60E-01,,2.76E-01,,1.07E-06,,0.46016,0.27609,1.07E-06
2.14E-06,0.00000214,0.00000214,0.00000214,0.00000214,0.00000214,0.00000214,0.00000214,0.00000214,0.00000214,2.14E-06,,4.60E-01,1.38E+00,0.276038,8.27E-01,1.07E-06,3.21E-06,,,9.19E-01,,5.51E-01,,2.14E-06,,0.91928,0.55157,2.14E-06
3.21E-06,0.00000321,0.00000321,0.00000321,0.00000321,0.00000321,0.00000321,0.00000321,0.00000321,0.00000321,3.21E-06,,9.19E-01,1.84E+00,0.551459,1.10E+00,2.14E-06,4.28E-06,,,1.38E+00,,8.27E-01,,3.21E-06,,1.3785,0.8271,3.21E-06
4.28E-06,0.00000428,0.00000428,0.00000428,0.00000428,0.00000428,0.00000428,0.00000428,0.00000427,0.00000428,4.28E-06,,1.38E+00,2.30E+00,0.826906,1.38E+00,3.21E-06,5.34E-06,,,1.84E+00,,1.10E+00,,4.28E-06,,1.8373,1.1024,4.28E-06
5.34E-06,0.00000534,0.00000534,0.00000534,0.00000534,0.00000534,0.00000534,0.00000534,0.00000534,0.00000534,5.34E-06,,1.84E+00,2.76E+00,1.10221,1.65E+00,4.28E-06,6.41E-06,,,2.30E+00,,1.38E+00,,5.35E-06,,2.2963,1.3778,5.34E-06
6.42E-06,0.00000642,0.00000642,0.00000641,0.00000641,0.00000641,0.00000641,0.00000641,0.00000641,0.00000641,6.41E-06,,2.30E+00,3.22E+00,1.37753,1.93E+00,5.34E-06,7.48E-06,,,2.76E+00,,1.65E+00,,6.41E-06,,2.7566,1.6539,6.42E-06
7.49E-06,0.00000749,0.00000748,0.00000749,0.00000749,0.00000748,0.00000748,0.00000748,0.00000748,0.00000748,7.48E-06,,2.76E+00,3.68E+00,1.65356,2.21E+00,6.41E-06,8.56E-06,,,3.22E+00,,1.93E+00,,7.49E-06,,3.217,1.9302,7.49E-06
8.56E-06,0.00000856,0.00000856,0.00000856,0.00000856,0.00000856,0.00000856,0.00000856,0.00000856,0.00000856,8.56E-06,,3.22E+00,4.14E+00,1.92979,2.48E+00,7.48E-06,9.61E-06,,,3.68E+00,,2.21E+00,,8.55E-06,,3.6776,2.2066,8.56E-06
9.62E-06,0.00000964,0.00000962,0.0000096,0.00000962,0.0000096,0.0000096,0.0000096,0.0000096,0.0000096,9.61E-06,,3.68E+00,4.60E+00,2.20613,2.76E+00,8.56E-06,1.07E-05,,,4.14E+00,,2.48E+00,,9.63E-06,,4.1378,2.4827,9.62E-06
1.07E-05,0.0000107,0.0000107,0.0000107,0.0000107,0.0000107,0.0000107,0.0000107,0.0000107,0.0000107,1.07E-05,,4.14E+00,4.60E+00,2.48229,2.76E+00,9.61E-06,1.07E-05,,,4.37E+00,,2.62E+00,,1.02E-05,,4.5986,2.7591,1.07E-05
1.07E-05,0.0000107,0.0000107,0.0000107,0.0000107,0.0000107,0.0000107,0.0000107,0.0000107,0.0000107,1.07E-05,,4.60E+00,,2.75867,,1.07E-05,,,,2.29E-01,,-1.37E-01,,-5.30E-07,,4.5986,2.7592,1.07E-05
9.62E-06,0.00000964,0.00000962,0.0000096,0.00000962,0.0000096,0.0000096,0.0000096,0.0000096,0.0000096,9.61E-06,,4.60E+00,,2.75871,,1.07E-05,,,,4.58E-01,,-2.75E-01,,-1.06E-06,,4.138,2.4828,9.62E-06
8.56E-06,0.00000856,0.00000856,0.00000856,0.00000856,0.00000856,0.00000856,0.00000856,0.00000856,0.00000856,8.56E-06,,4.14E+00,,2.48229,,9.61E-06,,,,9.16E-01,,-5.50E-01,,-2.13E-06,,3.6776,2.2065,8.56E-06
7.49E-06,0.00000749,0.00000749,0.00000748,0.00000749,0.00000748,0.00000748,0.00000748,0.00000748,0.00000748,7.48E-06,,3.68E+00,,2.20601,,8.56E-06,,,,1.37E+00,,-8.24E-01,,-3.20E-06,,3.2168,1.9301,7.49E-06
6.41E-06,0.00000642,0.00000642,0.00000641,0.00000641,0.00000641,0.00000641,0.00000641,0.00000641,0.00000641,6.41E-06,,3.22E+00,,1.92975,,7.48E-06,,,,1.83E+00,,-1.10E+00,,-4.27E-06,,2.7565,1.6539,6.41E-06
5.34E-06,0.00000534,0.00000534,0.00000534,0.00000534,0.00000534,0.00000534,0.00000534,0.00000534,0.00000534,5.34E-06,,2.76E+00,,1.65352,,6.41E-06,,,,2.29E+00,,-1.37E+00,,-5.33E-06,,2.2962,1.3777,5.34E-06
4.28E-06,0.00000428,0.00000428,0.00000428,0.00000428,0.00000428,0.00000428,0.00000427,0.00000427,0.00000428,4.28E-06,,2.30E+00,,1.37747,,5.34E-06,,,,2.75E+00,,-1.65E+00,,-6.39E-06,,1.8374,1.1024,4.28E-06
3.21E-06,0.00000321,0.00000321,0.00000321,0.00000321,0.00000321,0.00000321,0.00000321,0.00000321,0.00000321,3.21E-06,,1.84E+00,,1.10219,,4.28E-06,,,,3.21E+00,,-1.92E+00,,-7.46E-06,,1.3785,0.8271,3.21E-06
2.14E-06,0.00000214,0.00000214,0.00000214,0.00000214,0.00000214,0.00000214,0.00000214,0.00000214,0.00000214,2.14E-06,,1.38E+00,,0.826912,,3.21E-06,,,,3.66E+00,,-2.20E+00,,-8.53E-06,,0.91933,0.5516,2.14E-06
1.07E-06,0.00000107,0.00000107,0.00000107,0.00000107,0.00000107,0.00000107,0.00000107,0.00000107,0.00000107,1.07E-06,,9.19E-01,,0.551455,,2.14E-06,,,,4.12E+00,,-2.47E+00,,-9.57E-06,,0.46021,0.27613,1.07E-06
7.61E-11,8.83E-11,9.89E-11,1.02E-10,8.52E-11,1.03E-10,8.62E-11,1.24E-10,7.39E-11,1.04E-10,9.42E-11,,4.60E-01,,0.276042,,1.07E-06,,,,4.35E+00,,-2.61E+00,,-1.01E-05,,3.28E-05,1.96E-05,7.61E-11
-1.06E-06,-0.00000107,-0.00000106,-0.00000106,-0.00000106,-0.00000106,-0.00000107,-0.00000106,-0.00000107,-0.00000106,-1.06E-06,,3.87E-05,4.58E-01,0.00002319,-2.75E-01,9.01E-11,-1.06E-06,,,,,,,,,0.4578,-0.27468,-1.06E-06
-2.13E-06,-0.00000213,-0.00000213,-0.00000213,-0.00000213,-0.00000213,-0.00000213,-0.00000213,-0.00000213,-0.00000213,-2.13E-06,,4.10E-05,9.16E-01,0.0000243,-5.50E-01,9.42E-11,-2.13E-06,,,,,,,,,0.9164,-0.54984,-2.13E-06
-3.20E-06,-0.0000032,-0.0000032,-0.0000032,-0.0000032,-0.0000032,-0.0000032,-0.0000032,-0.0000032,-0.0000032,-3.20E-06,,4.58E-01,1.37E+00,-0.274643,-8.25E-01,-1.06E-06,-3.20E-06,,,,,,,,,1.3746,-0.82478,-3.20E-06
-4.26E-06,-0.00000427,-0.00000426,-0.00000426,-0.00000426,-0.00000426,-0.00000426,-0.00000426,-0.00000426,-0.00000426,-4.26E-06,,9.16E-01,1.83E+00,-0.549757,-1.10E+00,-2.13E-06,-4.26E-06,,,,,,,,,1.8322,-1.0993,-4.26E-06
-5.33E-06,-0.00000533,-0.00000533,-0.00000533,-0.00000533,-0.00000533,-0.00000533,-0.00000532,-0.00000533,-0.00000533,-5.33E-06,,1.37E+00,2.29E+00,-0.824664,-1.37E+00,-3.20E-06,-5.33E-06,,,,,,,,,2.2895,-1.3737,-5.33E-06
-6.39E-06,-0.00000639,-0.00000639,-0.00000639,-0.00000639,-0.00000639,-0.00000639,-0.00000639,-0.00000639,-0.00000639,-6.39E-06,,1.83E+00,2.75E+00,-1.09916,-1.65E+00,-4.26E-06,-6.39E-06,,,,,,,,,2.7476,-1.6486,-6.39E-06
-7.46E-06,-0.00000746,-0.00000746,-0.00000746,-0.00000746,-0.00000746,-0.00000746,-0.00000746,-0.00000746,-0.00000746,-7.46E-06,,2.29E+00,3.21E+00,-1.37347,-1.92E+00,-5.33E-06,-7.46E-06,,,,,,,,,3.2056,-1.9234,-7.46E-06
-8.52E-06,-0.00000854,-0.00000852,-0.00000852,-0.00000852,-0.00000852,-0.00000852,-0.00000852,-0.00000852,-0.00000852,-8.52E-06,,2.75E+00,3.66E+00,-1.64828,-2.20E+00,-6.39E-06,-8.52E-06,,,,,,,,,3.664,-2.1984,-8.52E-06
-9.60E-06,-0.0000096,-0.0000096,-0.0000096,-0.0000096,-0.0000096,-0.0000096,-0.0000096,-0.0000096,-0.0000096,-9.60E-06,,3.21E+00,4.12E+00,-1.92304,-2.47E+00,-7.46E-06,-9.60E-06,,,,,,,,,4.1213,-2.4728,-9.60E-06
-1.06E-05,-0.0000107,-0.0000106,-0.0000106,-0.0000106,-0.0000106,-0.0000106,-0.0000106,-0.0000106,-0.0000106,-1.06E-05,,3.66E+00,4.58E+00,-2.19801,-2.75E+00,-8.52E-06,-1.06E-05,,,,,,,,,4.5786,-2.7472,-1.06E-05
-1.06E-05,-0.0000107,-0.0000106,-0.0000106,-0.0000106,-0.0000106,-0.0000106,-0.0000106,-0.0000106,-0.0000106,-1.06E-05,,4.12E+00,4.58E+00,-2.47233,-2.75E+00,-9.60E-06,-1.06E-05,,,,,,,,,4.5786,-2.7471,-1.06E-05
-9.60E-06,-0.0000096,-0.0000096,-0.0000096,-0.0000096,-0.0000096,-0.0000096,-0.0000096,-0.0000096,-0.0000096,-9.60E-06,,4.58E+00,,-2.74659,,-1.06E-05,,,,,,,,,,4.1213,-2.4728,-9.60E-06
-8.52E-06,-0.00000854,-0.00000852,-0.00000852,-0.00000852,-0.00000852,-0.00000852,-0.00000852,-0.00000852,-0.0000085,-8.52E-06,,4.58E+00,,-2.74657,,-1.06E-05,,,,,,,,,,3.6641,-2.1985,-8.52E-06
-7.46E-06,-0.00000746,-0.00000746,-0.00000746,-0.00000746,-0.00000746,-0.00000746,-0.00000746,-0.00000746,-0.00000746,-7.46E-06,,4.12E+00,,-2.47225,,-9.60E-06,,,,,,,,,,3.2057,-1.9234,-7.46E-06
-6.39E-06,-0.00000639,-0.00000639,-0.00000639,-0.00000639,-0.00000639,-0.00000639,-0.00000639,-0.00000639,-0.00000639,-6.39E-06,,3.66E+00,,-2.19806,,-8.52E-06,,,,,,,,,,2.7475,-1.6485,-6.39E-06
-5.33E-06,-0.00000533,-0.00000533,-0.00000533,-0.00000533,-0.00000533,-0.00000533,-0.00000533,-0.00000533,-0.00000533,-5.33E-06,,3.21E+00,,-1.92306,,-7.46E-06,,,,,,,,,,2.2894,-1.3737,-5.33E-06
-4.26E-06,-0.00000426,-0.00000426,-0.00000426,-0.00000426,-0.00000426,-0.00000426,-0.00000426,-0.00000426,-0.00000426,-4.26E-06,,2.75E+00,,-1.64825,,-6.39E-06,,,,,,,,,,1.8322,-1.0993,-4.26E-06
-3.20E-06,-0.0000032,-0.0000032,-0.0000032,-0.0000032,-0.0000032,-0.0000032,-0.0000032,-0.0000032,-0.0000032,-3.20E-06,,2.29E+00,,-1.37351,,-5.33E-06,,,,,,,,,,1.3747,-0.82482,-3.20E-06
-2.13E-06,-0.00000213,-0.00000213,-0.00000213,-0.00000213,-0.00000213,-0.00000213,-0.00000213,-0.00000213,-0.00000213,-2.13E-06,,1.83E+00,,-1.0992,,-4.26E-06,,,,,,,,,,0.91647,-0.54988,-2.13E-06
-1.06E-06,-0.00000107,-0.00000106,-0.00000106,-0.00000106,-0.00000106,-0.00000106,-0.00000106,-0.00000106,-0.00000106,-1.06E-06,,1.37E+00,,-0.824696,,-3.20E-06,,,,,,,,,,0.45781,-0.27469,-1.06E-06
9.76E-11,,,,,,,,,,,,9.16E-01,,-0.549772,,-2.13E-06,,,,,,,,,,4.19E-05,2.51E-05,9.76E-11
1.01E-10,,,,,,,,,,,,4.58E-01,,-0.27465,,-1.06E-06,,,,,,,,,,4.41E-05,2.60E-05,1.01E-10
1.07E-06,,,,,,,,,,,,,,,,,,,,,,,,,,0.46016,0.2761,1.07E-06
2.14E-06,,,,,,,,,,,,,,,,,,,,,,,,,,0.91929,0.55157,2.14E-06
3.21E-06,,,,,,,,,,,,,,,,,,,,,,,,,,1.3784,0.82706,3.21E-06
4.28E-06,,,,,,,,,,,,,,,,,,,,,,,,,,1.8375,1.1025,4.28E-06
5.34E-06,,,,,,,,,,,,,,,,,,,,,,,,,,2.2965,1.3779,5.34E-06
6.42E-06,,,,,,,,,,,,,,,,,,,,,,,,,,2.7566,1.6539,6.42E-06
7.49E-06,,,,,,,,,,,,,,,,,,,,,,,,,,3.2172,1.9303,7.49E-06
8.56E-06,,,,,,,,,,,,,,,,,,,,,,,,,,3.6778,2.2067,8.56E-06
9.64E-06,,,,,,,,,,,,,,,,,,,,,,,,,,4.1384,2.483,9.64E-06
1.07E-05,,,,,,,,,,,,,,,,,,,,,,,,,,4.5992,2.7595,1.07E-05
1.07E-05,,,,,,,,,,,,,,,,,,,,,,,,,,4.5993,2.7596,1.07E-05
9.64E-06,,,,,,,,,,,,,,,,,,,,,,,,,,4.1384,2.483,9.64E-06
8.56E-06,,,,,,,,,,,,,,,,,,,,,,,,,,3.6778,2.2067,8.56E-06
7.49E-06,,,,,,,,,,,,,,,,,,,,,,,,,,3.2174,1.9304,7.49E-06
6.42E-06,,,,,,,,,,,,,,,,,,,,,,,,,,2.7569,1.6541,6.42E-06
5.34E-06,,,,,,,,,,,,,,,,,,,,,,,,,,2.2967,1.378,5.34E-06
4.28E-06,,,,,,,,,,,,,,,,,,,,,,,,,,1.8376,1.1026,4.28E-06
3.21E-06,,,,,,,,,,,,,,,,,,,,,,,,,,1.3787,0.82722,3.21E-06
2.14E-06,,,,,,,,,,,,,,,,,,,,,,,,,,0.91942,0.55165,2.14E-06
1.07E-06,,,,,,,,,,,,,,,,,,,,,,,,,,0.46022,0.27613,1.07E-06
8.83E-11,,,,,,,,,,,,,,,,,,,,,,,,,,3.79E-05,2.28E-05,8.83E-11
-1.07E-06,,,,,,,,,,,,,,,,,,,,,,,,,,0.45796,-0.27478,-1.07E-06
-2.13E-06,,,,,,,,,,,,,,,,,,,,,,,,,,0.91669,-0.55002,-2.13E-06
-3.20E-06,,,,,,,,,,,,,,,,,,,,,,,,,,1.3752,-0.8251,-3.20E-06
-4.27E-06,,,,,,,,,,,,,,,,,,,,,,,,,,1.8329,-1.0997,-4.27E-06
-5.33E-06,,,,,,,,,,,,,,,,,,,,,,,,,,2.2902,-1.3741,-5.33E-06
-6.39E-06,,,,,,,,,,,,,,,,,,,,,,,,,,2.7484,-1.649,-6.39E-06
-7.46E-06,,,,,,,,,,,,,,,,,,,,,,,,,,3.2066,-1.924,-7.46E-06
-8.54E-06,,,,,,,,,,,,,,,,,,,,,,,,,,3.665,-2.199,-8.54E-06
-9.60E-06,,,,,,,,,,,,,,,,,,,,,,,,,,4.1221,-2.4733,-9.60E-06
-1.07E-05,,,,,,,,,,,,,,,,,,,,,,,,,,4.5794,-2.7476,-1.07E-05
-1.07E-05,,,,,,,,,,,,,,,,,,,,,,,,,,4.5794,-2.7477,-1.07E-05
-9.60E-06,,,,,,,,,,,,,,,,,,,,,,,,,,4.1221,-2.4732,-9.60E-06
-8.54E-06,,,,,,,,,,,,,,,,,,,,,,,,,,3.6649,-2.1989,-8.54E-06
-7.46E-06,,,,,,,,,,,,,,,,,,,,,,,,,,3.2065,-1.9239,-7.46E-06
-6.39E-06,,,,,,,,,,,,,,,,,,,,,,,,,,2.7482,-1.6489,-6.39E-06
-5.33E-06,,,,,,,,,,,,,,,,,,,,,,,,,,2.2901,-1.3741,-5.33E-06
-4.26E-06,,,,,,,,,,,,,,,,,,,,,,,,,,1.8328,-1.0997,-4.26E-06
-3.20E-06,,,,,,,,,,,,,,,,,,,,,,,,,,1.3751,-0.82504,-3.20E-06
-2.13E-06,,,,,,,,,,,,,,,,,,,,,,,,,,0.91674,-0.55004,-2.13E-06
-1.07E-06,,,,,,,,,,,,,,,,,,,,,,,,,,0.45801,-0.2748,-1.07E-06
7.23E-11,,,,,,,,,,,,,,,,,,,,,,,,,,3.11E-05,1.87E-05,7.23E-11
1.38E-10,,,,,,,,,,,,,,,,,,,,,,,,,,5.96E-05,3.57E-05,1.38E-10
1.07E-06,,,,,,,,,,,,,,,,,,,,,,,,,,0.46008,0.27605,1.07E-06
2.14E-06,,,,,,,,,,,,,,,,,,,,,,,,,,0.91919,0.55152,2.14E-06
3.21E-06,,,,,,,,,,,,,,,,,,,,,,,,,,1.3784,0.82702,3.21E-06
4.28E-06,,,,,,,,,,,,,,,,,,,,,,,,,,1.8371,1.1023,4.28E-06
5.34E-06,,,,,,,,,,,,,,,,,,,,,,,,,,2.296,1.3776,5.34E-06
6.42E-06,,,,,,,,,,,,,,,,,,,,,,,,,,2.7562,1.6537,6.42E-06
7.48E-06,,,,,,,,,,,,,,,,,,,,,,,,,,3.2165,1.9299,7.48E-06
8.56E-06,,,,,,,,,,,,,,,,,,,,,,,,,,3.6773,2.2064,8.56E-06
9.62E-06,,,,,,,,,,,,,,,,,,,,,,,,,,4.1378,2.4827,9.62E-06
1.07E-05,,,,,,,,,,,,,,,,,,,,,,,,,,4.5982,2.7589,1.07E-05
1.07E-05,,,,,,,,,,,,,,,,,,,,,,,,,,4.5982,2.7589,1.07E-05
9.62E-06,,,,,,,,,,,,,,,,,,,,,,,,,,4.1376,2.4825,9.62E-06
8.56E-06,,,,,,,,,,,,,,,,,,,,,,,,,,3.677,2.2062,8.56E-06
7.49E-06,,,,,,,,,,,,,,,,,,,,,,,,,,3.2169,1.9301,7.49E-06
6.42E-06,,,,,,,,,,,,,,,,,,,,,,,,,,2.7563,1.6538,6.42E-06
5.34E-06,,,,,,,,,,,,,,,,,,,,,,,,,,2.2959,1.3776,5.34E-06
4.28E-06,,,,,,,,,,,,,,,,,,,,,,,,,,1.8371,1.1023,4.28E-06
3.21E-06,,,,,,,,,,,,,,,,,,,,,,,,,,1.3783,0.82698,3.21E-06
2.14E-06,,,,,,,,,,,,,,,,,,,,,,,,,,0.91913,0.55148,2.14E-06
1.07E-06,,,,,,,,,,,,,,,,,,,,,,,,,,0.46011,0.27607,1.07E-06
9.89E-11,,,,,,,,,,,,,,,,,,,,,,,,,,4.32E-05,2.55E-05,9.89E-11
-1.06E-06,,,,,,,,,,,,,,,,,,,,,,,,,,0.4578,-0.27468,-1.06E-06
-2.13E-06,,,,,,,,,,,,,,,,,,,,,,,,,,0.91645,-0.54987,-2.13E-06
-3.20E-06,,,,,,,,,,,,,,,,,,,,,,,,,,1.3747,-0.8248,-3.20E-06
-4.26E-06,,,,,,,,,,,,,,,,,,,,,,,,,,1.8323,-1.0994,-4.26E-06
-5.33E-06,,,,,,,,,,,,,,,,,,,,,,,,,,2.2896,-1.3738,-5.33E-06
-6.39E-06,,,,,,,,,,,,,,,,,,,,,,,,,,2.7477,-1.6486,-6.39E-06
-7.46E-06,,,,,,,,,,,,,,,,,,,,,,,,,,3.2056,-1.9233,-7.46E-06
-8.52E-06,,,,,,,,,,,,,,,,,,,,,,,,,,3.6638,-2.1983,-8.52E-06
-9.60E-06,,,,,,,,,,,,,,,,,,,,,,,,,,4.1209,-2.4726,-9.60E-06
-1.06E-05,,,,,,,,,,,,,,,,,,,,,,,,,,4.5779,-2.7468,-1.06E-05
-1.06E-05,,,,,,,,,,,,,,,,,,,,,,,,,,4.5779,-2.7467,-1.06E-05
-9.60E-06,,,,,,,,,,,,,,,,,,,,,,,,,,4.1209,-2.4725,-9.60E-06
-8.52E-06,,,,,,,,,,,,,,,,,,,,,,,,,,3.6639,-2.1983,-8.52E-06
-7.46E-06,,,,,,,,,,,,,,,,,,,,,,,,,,3.2053,-1.9232,-7.46E-06
-6.39E-06,,,,,,,,,,,,,,,,,,,,,,,,,,2.7472,-1.6483,-6.39E-06
-5.33E-06,,,,,,,,,,,,,,,,,,,,,,,,,,2.2893,-1.3736,-5.33E-06
-4.26E-06,,,,,,,,,,,,,,,,,,,,,,,,,,1.832,-1.0992,-4.26E-06
-3.20E-06,,,,,,,,,,,,,,,,,,,,,,,,,,1.3746,-0.82478,-3.20E-06
-2.13E-06,,,,,,,,,,,,,,,,,,,,,,,,,,0.9164,-0.54984,-2.13E-06
-1.06E-06,,,,,,,,,,,,,,,,,,,,,,,,,,0.45776,-0.27466,-1.06E-06
6.93E-11,,,,,,,,,,,,,,,,,,,,,,,,,,2.97E-05,1.78E-05,6.93E-11
8.84E-11,,,,,,,,,,,,,,,,,,,,,,,,,,3.79E-05,2.28E-05,8.84E-11
1.07E-06,,,,,,,,,,,,,,,,,,,,,,,,,,0.4601,0.27606,1.07E-06
2.14E-06,,,,,,,,,,,,,,,,,,,,,,,,,,0.91915,0.55149,2.14E-06
3.21E-06,,,,,,,,,,,,,,,,,,,,,,,,,,1.3782,0.82694,3.21E-06
4.28E-06,,,,,,,,,,,,,,,,,,,,,,,,,,1.8372,1.1023,4.28E-06
5.34E-06,,,,,,,,,,,,,,,,,,,,,,,,,,2.2961,1.3777,5.34E-06
6.41E-06,,,,,,,,,,,,,,,,,,,,,,,,,,2.7561,1.6537,6.41E-06
7.49E-06,,,,,,,,,,,,,,,,,,,,,,,,,,3.2165,1.9299,7.49E-06
8.56E-06,,,,,,,,,,,,,,,,,,,,,,,,,,3.6769,2.2062,8.56E-06
9.60E-06,,,,,,,,,,,,,,,,,,,,,,,,,,4.1374,2.4825,9.60E-06
1.07E-05,,,,,,,,,,,,,,,,,,,,,,,,,,4.598,2.7588,1.07E-05
1.07E-05,,,,,,,,,,,,,,,,,,,,,,,,,,4.5979,2.7587,1.07E-05
9.60E-06,,,,,,,,,,,,,,,,,,,,,,,,,,4.1373,2.4824,9.60E-06
8.56E-06,,,,,,,,,,,,,,,,,,,,,,,,,,3.6768,2.2061,8.56E-06
7.48E-06,,,,,,,,,,,,,,,,,,,,,,,,,,3.2163,1.9298,7.48E-06
6.41E-06,,,,,,,,,,,,,,,,,,,,,,,,,,2.7557,1.6534,6.41E-06
5.34E-06,,,,,,,,,,,,,,,,,,,,,,,,,,2.2958,1.3775,5.34E-06
4.28E-06,,,,,,,,,,,,,,,,,,,,,,,,,,1.8369,1.1021,4.28E-06
3.21E-06,,,,,,,,,,,,,,,,,,,,,,,,,,1.3782,0.8269,3.21E-06
2.14E-06,,,,,,,,,,,,,,,,,,,,,,,,,,0.91911,0.55146,2.14E-06
1.07E-06,,,,,,,,,,,,,,,,,,,,,,,,,,0.46004,0.27603,1.07E-06
1.02E-10,,,,,,,,,,,,,,,,,,,,,,,,,,4.46E-05,2.64E-05,1.02E-10
-1.06E-06,,,,,,,,,,,,,,,,,,,,,,,,,,0.45767,-0.2746,-1.06E-06
-2.13E-06,,,,,,,,,,,,,,,,,,,,,,,,,,0.91616,-0.54969,-2.13E-06
-3.20E-06,,,,,,,,,,,,,,,,,,,,,,,,,,1.3743,-0.82456,-3.20E-06
-4.26E-06,,,,,,,,,,,,,,,,,,,,,,,,,,1.8318,-1.0991,-4.26E-06
-5.33E-06,,,,,,,,,,,,,,,,,,,,,,,,,,2.289,-1.3734,-5.33E-06
-6.39E-06,,,,,,,,,,,,,,,,,,,,,,,,,,2.7468,-1.6481,-6.39E-06
-7.46E-06,,,,,,,,,,,,,,,,,,,,,,,,,,3.2046,-1.9228,-7.46E-06
-8.52E-06,,,,,,,,,,,,,,,,,,,,,,,,,,3.663,-2.1978,-8.52E-06
-9.60E-06,,,,,,,,,,,,,,,,,,,,,,,,,,4.1204,-2.4722,-9.60E-06
-1.06E-05,,,,,,,,,,,,,,,,,,,,,,,,,,4.5775,-2.7465,-1.06E-05
-1.06E-05,,,,,,,,,,,,,,,,,,,,,,,,,,4.5774,-2.7465,-1.06E-05
-9.60E-06,,,,,,,,,,,,,,,,,,,,,,,,,,4.1202,-2.4721,-9.60E-06
-8.52E-06,,,,,,,,,,,,,,,,,,,,,,,,,,3.6633,-2.198,-8.52E-06
-7.46E-06,,,,,,,,,,,,,,,,,,,,,,,,,,3.2051,-1.923,-7.46E-06
-6.39E-06,,,,,,,,,,,,,,,,,,,,,,,,,,2.747,-1.6482,-6.39E-06
-5.33E-06,,,,,,,,,,,,,,,,,,,,,,,,,,2.289,-1.3734,-5.33E-06
-4.26E-06,,,,,,,,,,,,,,,,,,,,,,,,,,1.8319,-1.0992,-4.26E-06
-3.20E-06,,,,,,,,,,,,,,,,,,,,,,,,,,1.3746,-0.82474,-3.20E-06
-2.13E-06,,,,,,,,,,,,,,,,,,,,,,,,,,0.91621,-0.54973,-2.13E-06
-1.06E-06,,,,,,,,,,,,,,,,,,,,,,,,,,0.4577,-0.27462,-1.06E-06
1.00E-10,,,,,,,,,,,,,,,,,,,,,,,,,,4.30E-05,2.58E-05,1.00E-10
8.24E-11,,,,,,,,,,,,,,,,,,,,,,,,,,3.54E-05,2.12E-05,8.24E-11
1.07E-06,,,,,,,,,,,,,,,,,,,,,,,,,,0.46007,0.27604,1.07E-06
2.14E-06,,,,,,,,,,,,,,,,,,,,,,,,,,0.91914,0.55149,2.14E-06
3.21E-06,,,,,,,,,,,,,,,,,,,,,,,,,,1.3782,0.82692,3.21E-06
4.28E-06,,,,,,,,,,,,,,,,,,,,,,,,,,1.837,1.1022,4.28E-06
5.34E-06,,,,,,,,,,,,,,,,,,,,,,,,,,2.2959,1.3775,5.34E-06
6.41E-06,,,,,,,,,,,,,,,,,,,,,,,,,,2.756,1.6536,6.41E-06
7.49E-06,,,,,,,,,,,,,,,,,,,,,,,,,,3.2165,1.9299,7.49E-06
8.56E-06,,,,,,,,,,,,,,,,,,,,,,,,,,3.677,2.2062,8.56E-06
9.62E-06,,,,,,,,,,,,,,,,,,,,,,,,,,4.1373,2.4824,9.62E-06
1.07E-05,,,,,,,,,,,,,,,,,,,,,,,,,,4.5981,2.7589,1.07E-05
1.07E-05,,,,,,,,,,,,,,,,,,,,,,,,,,4.5982,2.7589,1.07E-05
9.62E-06,,,,,,,,,,,,,,,,,,,,,,,,,,4.1373,2.4824,9.62E-06
8.56E-06,,,,,,,,,,,,,,,,,,,,,,,,,,3.6769,2.2061,8.56E-06
7.49E-06,,,,,,,,,,,,,,,,,,,,,,,,,,3.2163,1.9298,7.49E-06
6.41E-06,,,,,,,,,,,,,,,,,,,,,,,,,,2.756,1.6536,6.41E-06
5.34E-06,,,,,,,,,,,,,,,,,,,,,,,,,,2.2959,1.3775,5.34E-06
4.28E-06,,,,,,,,,,,,,,,,,,,,,,,,,,1.8371,1.1022,4.28E-06
3.21E-06,,,,,,,,,,,,,,,,,,,,,,,,,,1.3782,0.82694,3.21E-06
2.14E-06,,,,,,,,,,,,,,,,,,,,,,,,,,0.91907,0.55144,2.14E-06
1.07E-06,,,,,,,,,,,,,,,,,,,,,,,,,,0.46011,0.27606,1.07E-06
8.52E-11,,,,,,,,,,,,,,,,,,,,,,,,,,3.72E-05,2.20E-05,8.52E-11
-1.06E-06,,,,,,,,,,,,,,,,,,,,,,,,,,0.45769,-0.27462,-1.06E-06
-2.13E-06,,,,,,,,,,,,,,,,,,,,,,,,,,0.91619,-0.54972,-2.13E-06
-3.20E-06,,,,,,,,,,,,,,,,,,,,,,,,,,1.3743,-0.8246,-3.20E-06
-4.26E-06,,,,,,,,,,,,,,,,,,,,,,,,,,1.8317,-1.099,-4.26E-06
-5.33E-06,,,,,,,,,,,,,,,,,,,,,,,,,,2.2888,-1.3733,-5.33E-06
-6.39E-06,,,,,,,,,,,,,,,,,,,,,,,,,,2.7469,-1.6481,-6.39E-06
-7.46E-06,,,,,,,,,,,,,,,,,,,,,,,,,,3.2047,-1.9228,-7.46E-06
-8.52E-06,,,,,,,,,,,,,,,,,,,,,,,,,,3.6632,-2.1979,-8.52E-06
-9.60E-06,,,,,,,,,,,,,,,,,,,,,,,,,,4.1203,-2.4722,-9.60E-06
-1.06E-05,,,,,,,,,,,,,,,,,,,,,,,,,,4.5774,-2.7465,-1.06E-05
-1.06E-05,,,,,,,,,,,,,,,,,,,,,,,,,,4.5771,-2.7463,-1.06E-05
-9.60E-06,,,,,,,,,,,,,,,,,,,,,,,,,,4.12,-2.472,-9.60E-06
-8.52E-06,,,,,,,,,,,,,,,,,,,,,,,,,,3.6632,-2.1979,-8.52E-06
-7.46E-06,,,,,,,,,,,,,,,,,,,,,,,,,,3.2048,-1.9229,-7.46E-06
-6.39E-06,,,,,,,,,,,,,,,,,,,,,,,,,,2.7469,-1.6481,-6.39E-06
-5.33E-06,,,,,,,,,,,,,,,,,,,,,,,,,,2.2891,-1.3735,-5.33E-06
-4.26E-06,,,,,,,,,,,,,,,,,,,,,,,,,,1.8319,-1.0991,-4.26E-06
-3.20E-06,,,,,,,,,,,,,,,,,,,,,,,,,,1.3744,-0.82462,-3.20E-06
-2.13E-06,,,,,,,,,,,,,,,,,,,,,,,,,,0.91622,-0.54973,-2.13E-06
-1.06E-06,,,,,,,,,,,,,,,,,,,,,,,,,,0.45775,-0.27465,-1.06E-06
8.91E-11,,,,,,,,,,,,,,,,,,,,,,,,,,3.82E-05,2.29E-05,8.91E-11
1.14E-10,,,,,,,,,,,,,,,,,,,,,,,,,,4.88E-05,2.93E-05,1.14E-10
1.07E-06,,,,,,,,,,,,,,,,,,,,,,,,,,0.46005,0.27603,1.07E-06
2.14E-06,,,,,,,,,,,,,,,,,,,,,,,,,,0.919,0.5514,2.14E-06
3.21E-06,,,,,,,,,,,,,,,,,,,,,,,,,,1.378,0.8268,3.21E-06
4.28E-06,,,,,,,,,,,,,,,,,,,,,,,,,,1.8368,1.1021,4.28E-06
5.34E-06,,,,,,,,,,,,,,,,,,,,,,,,,,2.2955,1.3773,5.34E-06
6.41E-06,,,,,,,,,,,,,,,,,,,,,,,,,,2.7555,1.6533,6.41E-06
7.48E-06,,,,,,,,,,,,,,,,,,,,,,,,,,3.216,1.9296,7.48E-06
8.56E-06,,,,,,,,,,,,,,,,,,,,,,,,,,3.6764,2.2059,8.56E-06
9.60E-06,,,,,,,,,,,,,,,,,,,,,,,,,,4.1367,2.482,9.60E-06
1.07E-05,,,,,,,,,,,,,,,,,,,,,,,,,,4.5972,2.7583,1.07E-05
1.07E-05,,,,,,,,,,,,,,,,,,,,,,,,,,4.5975,2.7585,1.07E-05
9.60E-06,,,,,,,,,,,,,,,,,,,,,,,,,,4.1369,2.4821,9.60E-06
8.56E-06,,,,,,,,,,,,,,,,,,,,,,,,,,3.6762,2.2057,8.56E-06
7.48E-06,,,,,,,,,,,,,,,,,,,,,,,,,,3.2159,1.9295,7.48E-06
6.41E-06,,,,,,,,,,,,,,,,,,,,,,,,,,2.7556,1.6534,6.41E-06
5.34E-06,,,,,,,,,,,,,,,,,,,,,,,,,,2.2957,1.3774,5.34E-06
4.28E-06,,,,,,,,,,,,,,,,,,,,,,,,,,1.8368,1.1021,4.28E-06
3.21E-06,,,,,,,,,,,,,,,,,,,,,,,,,,1.3781,0.82684,3.21E-06
2.14E-06,,,,,,,,,,,,,,,,,,,,,,,,,,0.91902,0.55141,2.14E-06
1.07E-06,,,,,,,,,,,,,,,,,,,,,,,,,,0.46006,0.27603,1.07E-06
1.03E-10,,,,,,,,,,,,,,,,,,,,,,,,,,4.50E-05,2.66E-05,1.03E-10
-1.06E-06,,,,,,,,,,,,,,,,,,,,,,,,,,0.45768,-0.27461,-1.06E-06
-2.13E-06,,,,,,,,,,,,,,,,,,,,,,,,,,0.91612,-0.54967,-2.13E-06
-3.20E-06,,,,,,,,,,,,,,,,,,,,,,,,,,1.3742,-0.82452,-3.20E-06
-4.26E-06,,,,,,,,,,,,,,,,,,,,,,,,,,1.8317,-1.099,-4.26E-06
-5.33E-06,,,,,,,,,,,,,,,,,,,,,,,,,,2.2888,-1.3733,-5.33E-06
-6.39E-06,,,,,,,,,,,,,,,,,,,,,,,,,,2.7466,-1.648,-6.39E-06
-7.46E-06,,,,,,,,,,,,,,,,,,,,,,,,,,3.2044,-1.9227,-7.46E-06
-8.52E-06,,,,,,,,,,,,,,,,,,,,,,,,,,3.6628,-2.1977,-8.52E-06
-9.60E-06,,,,,,,,,,,,,,,,,,,,,,,,,,4.1201,-2.4721,-9.60E-06
-1.06E-05,,,,,,,,,,,,,,,,,,,,,,,,,,4.5772,-2.7463,-1.06E-05
-1.06E-05,,,,,,,,,,,,,,,,,,,,,,,,,,4.5773,-2.7464,-1.06E-05
-9.60E-06,,,,,,,,,,,,,,,,,,,,,,,,,,4.1201,-2.472,-9.60E-06
-8.52E-06,,,,,,,,,,,,,,,,,,,,,,,,,,3.6631,-2.1979,-8.52E-06
-7.46E-06,,,,,,,,,,,,,,,,,,,,,,,,,,3.2048,-1.9229,-7.46E-06
-6.39E-06,,,,,,,,,,,,,,,,,,,,,,,,,,2.7469,-1.6482,-6.39E-06
-5.33E-06,,,,,,,,,,,,,,,,,,,,,,,,,,2.2891,-1.3735,-5.33E-06
-4.26E-06,,,,,,,,,,,,,,,,,,,,,,,,,,1.832,-1.0992,-4.26E-06
-3.20E-06,,,,,,,,,,,,,,,,,,,,,,,,,,1.3744,-0.82464,-3.20E-06
-2.13E-06,,,,,,,,,,,,,,,,,,,,,,,,,,0.91617,-0.5497,-2.13E-06
-1.06E-06,,,,,,,,,,,,,,,,,,,,,,,,,,0.4577,-0.27462,-1.06E-06
6.49E-11,,,,,,,,,,,,,,,,,,,,,,,,,,2.79E-05,1.67E-05,6.49E-11
7.81E-11,,,,,,,,,,,,,,,,,,,,,,,,,,3.36E-05,2.01E-05,7.81E-11
1.07E-06,,,,,,,,,,,,,,,,,,,,,,,,,,0.45998,0.27599,1.07E-06
2.14E-06,,,,,,,,,,,,,,,,,,,,,,,,,,0.91892,0.55135,2.14E-06
3.21E-06,,,,,,,,,,,,,,,,,,,,,,,,,,1.378,0.82678,3.21E-06
4.28E-06,,,,,,,,,,,,,,,,,,,,,,,,,,1.8368,1.1021,4.28E-06
5.34E-06,,,,,,,,,,,,,,,,,,,,,,,,,,2.2956,1.3774,5.34E-06
6.41E-06,,,,,,,,,,,,,,,,,,,,,,,,,,2.7556,1.6534,6.41E-06
7.48E-06,,,,,,,,,,,,,,,,,,,,,,,,,,3.216,1.9296,7.48E-06
8.56E-06,,,,,,,,,,,,,,,,,,,,,,,,,,3.6767,2.206,8.56E-06
9.60E-06,,,,,,,,,,,,,,,,,,,,,,,,,,4.1369,2.4821,9.60E-06
1.07E-05,,,,,,,,,,,,,,,,,,,,,,,,,,4.5976,2.7586,1.07E-05
1.07E-05,,,,,,,,,,,,,,,,,,,,,,,,,,4.5975,2.7585,1.07E-05
9.60E-06,,,,,,,,,,,,,,,,,,,,,,,,,,4.1369,2.4821,9.60E-06
8.56E-06,,,,,,,,,,,,,,,,,,,,,,,,,,3.6764,2.2058,8.56E-06
7.48E-06,,,,,,,,,,,,,,,,,,,,,,,,,,3.2159,1.9295,7.48E-06
6.41E-06,,,,,,,,,,,,,,,,,,,,,,,,,,2.7555,1.6533,6.41E-06
5.34E-06,,,,,,,,,,,,,,,,,,,,,,,,,,2.2955,1.3773,5.34E-06
4.28E-06,,,,,,,,,,,,,,,,,,,,,,,,,,1.8368,1.1021,4.28E-06
3.21E-06,,,,,,,,,,,,,,,,,,,,,,,,,,1.3781,0.82684,3.21E-06
2.14E-06,,,,,,,,,,,,,,,,,,,,,,,,,,0.91907,0.55144,2.14E-06
1.07E-06,,,,,,,,,,,,,,,,,,,,,,,,,,0.46005,0.27603,1.07E-06
8.62E-11,,,,,,,,,,,,,,,,,,,,,,,,,,3.77E-05,2.22E-05,8.62E-11
-1.07E-06,,,,,,,,,,,,,,,,,,,,,,,,,,0.45775,-0.27465,-1.07E-06
-2.13E-06,,,,,,,,,,,,,,,,,,,,,,,,,,0.91627,-0.54976,-2.13E-06
-3.20E-06,,,,,,,,,,,,,,,,,,,,,,,,,,1.3745,-0.82468,-3.20E-06
-4.26E-06,,,,,,,,,,,,,,,,,,,,,,,,,,1.8319,-1.0992,-4.26E-06
-5.33E-06,,,,,,,,,,,,,,,,,,,,,,,,,,2.289,-1.3734,-5.33E-06
-6.39E-06,,,,,,,,,,,,,,,,,,,,,,,,,,2.747,-1.6482,-6.39E-06
-7.46E-06,,,,,,,,,,,,,,,,,,,,,,,,,,3.205,-1.923,-7.46E-06
-8.52E-06,,,,,,,,,,,,,,,,,,,,,,,,,,3.6631,-2.1979,-8.52E-06
-9.60E-06,,,,,,,,,,,,,,,,,,,,,,,,,,4.1202,-2.4721,-9.60E-06
-1.06E-05,,,,,,,,,,,,,,,,,,,,,,,,,,4.5774,-2.7464,-1.06E-05
-1.06E-05,,,,,,,,,,,,,,,,,,,,,,,,,,4.5774,-2.7464,-1.06E-05
-9.60E-06,,,,,,,,,,,,,,,,,,,,,,,,,,4.12,-2.472,-9.60E-06
-8.52E-06,,,,,,,,,,,,,,,,,,,,,,,,,,3.663,-2.1978,-8.52E-06
-7.46E-06,,,,,,,,,,,,,,,,,,,,,,,,,,3.2048,-1.9229,-7.46E-06
-6.39E-06,,,,,,,,,,,,,,,,,,,,,,,,,,2.7468,-1.6481,-6.39E-06
-5.33E-06,,,,,,,,,,,,,,,,,,,,,,,,,,2.2888,-1.3733,-5.33E-06
-4.26E-06,,,,,,,,,,,,,,,,,,,,,,,,,,1.8319,-1.0991,-4.26E-06
-3.20E-06,,,,,,,,,,,,,,,,,,,,,,,,,,1.3743,-0.8246,-3.20E-06
-2.13E-06,,,,,,,,,,,,,,,,,,,,,,,,,,0.91619,-0.54972,-2.13E-06
-1.06E-06,,,,,,,,,,,,,,,,,,,,,,,,,,0.45771,-0.27462,-1.06E-06
1.22E-10,,,,,,,,,,,,,,,,,,,,,,,,,,5.22E-05,3.13E-05,1.22E-10
1.05E-10,,,,,,,,,,,,,,,,,,,,,,,,,,4.51E-05,2.70E-05,1.05E-10
1.07E-06,,,,,,,,,,,,,,,,,,,,,,,,,,0.46001,0.27601,1.07E-06
2.14E-06,,,,,,,,,,,,,,,,,,,,,,,,,,0.91904,0.55142,2.14E-06
3.21E-06,,,,,,,,,,,,,,,,,,,,,,,,,,1.3781,0.82684,3.21E-06
4.28E-06,,,,,,,,,,,,,,,,,,,,,,,,,,1.8368,1.1021,4.28E-06
5.34E-06,,,,,,,,,,,,,,,,,,,,,,,,,,2.2956,1.3774,5.34E-06
6.41E-06,,,,,,,,,,,,,,,,,,,,,,,,,,2.7556,1.6533,6.41E-06
7.48E-06,,,,,,,,,,,,,,,,,,,,,,,,,,3.216,1.9296,7.48E-06
8.56E-06,,,,,,,,,,,,,,,,,,,,,,,,,,3.676,2.2056,8.56E-06
9.60E-06,,,,,,,,,,,,,,,,,,,,,,,,,,4.1361,2.4817,9.60E-06
1.07E-05,,,,,,,,,,,,,,,,,,,,,,,,,,4.5966,2.758,1.07E-05
1.07E-05,,,,,,,,,,,,,,,,,,,,,,,,,,4.5968,2.7581,1.07E-05
9.60E-06,,,,,,,,,,,,,,,,,,,,,,,,,,4.1364,2.4818,9.60E-06
8.56E-06,,,,,,,,,,,,,,,,,,,,,,,,,,3.6758,2.2055,8.56E-06
7.48E-06,,,,,,,,,,,,,,,,,,,,,,,,,,3.2154,1.9292,7.48E-06
6.41E-06,,,,,,,,,,,,,,,,,,,,,,,,,,2.755,1.653,6.41E-06
5.34E-06,,,,,,,,,,,,,,,,,,,,,,,,,,2.2951,1.377,5.34E-06
4.27E-06,,,,,,,,,,,,,,,,,,,,,,,,,,1.8365,1.1019,4.27E-06
3.21E-06,,,,,,,,,,,,,,,,,,,,,,,,,,1.3778,0.82668,3.21E-06
2.14E-06,,,,,,,,,,,,,,,,,,,,,,,,,,0.91888,0.55133,2.14E-06
1.07E-06,,,,,,,,,,,,,,,,,,,,,,,,,,0.45995,0.27597,1.07E-06
1.24E-10,,,,,,,,,,,,,,,,,,,,,,,,,,5.38E-05,3.20E-05,1.24E-10
-1.06E-06,,,,,,,,,,,,,,,,,,,,,,,,,,0.45761,-0.27457,-1.06E-06
-2.13E-06,,,,,,,,,,,,,,,,,,,,,,,,,,0.91598,-0.54959,-2.13E-06
-3.20E-06,,,,,,,,,,,,,,,,,,,,,,,,,,1.3741,-0.82446,-3.20E-06
-4.26E-06,,,,,,,,,,,,,,,,,,,,,,,,,,1.8314,-1.0988,-4.26E-06
-5.32E-06,,,,,,,,,,,,,,,,,,,,,,,,,,2.2884,-1.373,-5.32E-06
-6.39E-06,,,,,,,,,,,,,,,,,,,,,,,,,,2.7464,-1.6479,-6.39E-06
-7.46E-06,,,,,,,,,,,,,,,,,,,,,,,,,,3.2044,-1.9226,-7.46E-06
-8.52E-06,,,,,,,,,,,,,,,,,,,,,,,,,,3.6627,-2.1976,-8.52E-06
-9.60E-06,,,,,,,,,,,,,,,,,,,,,,,,,,4.1197,-2.4718,-9.60E-06
-1.06E-05,,,,,,,,,,,,,,,,,,,,,,,,,,4.5767,-2.746,-1.06E-05
-1.06E-05,,,,,,,,,,,,,,,,,,,,,,,,,,4.5768,-2.7461,-1.06E-05
-9.60E-06,,,,,,,,,,,,,,,,,,,,,,,,,,4.1198,-2.4719,-9.60E-06
-8.52E-06,,,,,,,,,,,,,,,,,,,,,,,,,,3.6627,-2.1976,-8.52E-06
-7.46E-06,,,,,,,,,,,,,,,,,,,,,,,,,,3.2044,-1.9226,-7.46E-06
-6.39E-06,,,,,,,,,,,,,,,,,,,,,,,,,,2.7465,-1.6479,-6.39E-06
-5.33E-06,,,,,,,,,,,,,,,,,,,,,,,,,,2.2887,-1.3732,-5.33E-06
-4.26E-06,,,,,,,,,,,,,,,,,,,,,,,,,,1.8316,-1.099,-4.26E-06
-3.20E-06,,,,,,,,,,,,,,,,,,,,,,,,,,1.3742,-0.8245,-3.20E-06
-2.13E-06,,,,,,,,,,,,,,,,,,,,,,,,,,0.91605,-0.54963,-2.13E-06
-1.06E-06,,,,,,,,,,,,,,,,,,,,,,,,,,0.45764,-0.27459,-1.06E-06
9.57E-11,,,,,,,,,,,,,,,,,,,,,,,,,,4.11E-05,2.47E-05,9.57E-11
9.18E-11,,,,,,,,,,,,,,,,,,,,,,,,,,3.94E-05,2.37E-05,9.18E-11
1.07E-06,,,,,,,,,,,,,,,,,,,,,,,,,,0.45997,0.27598,1.07E-06
2.14E-06,,,,,,,,,,,,,,,,,,,,,,,,,,0.91894,0.55137,2.14E-06
3.21E-06,,,,,,,,,,,,,,,,,,,,,,,,,,1.3779,0.82676,3.21E-06
4.27E-06,,,,,,,,,,,,,,,,,,,,,,,,,,1.8367,1.102,4.27E-06
5.34E-06,,,,,,,,,,,,,,,,,,,,,,,,,,2.2955,1.3773,5.34E-06
6.41E-06,,,,,,,,,,,,,,,,,,,,,,,,,,2.7556,1.6534,6.41E-06
7.48E-06,,,,,,,,,,,,,,,,,,,,,,,,,,3.2155,1.9293,7.48E-06
8.56E-06,,,,,,,,,,,,,,,,,,,,,,,,,,3.6762,2.2057,8.56E-06
9.60E-06,,,,,,,,,,,,,,,,,,,,,,,,,,4.1365,2.4819,9.60E-06
1.07E-05,,,,,,,,,,,,,,,,,,,,,,,,,,4.5971,2.7582,1.07E-05
1.07E-05,,,,,,,,,,,,,,,,,,,,,,,,,,4.5971,2.7583,1.07E-05
9.60E-06,,,,,,,,,,,,,,,,,,,,,,,,,,4.1364,2.4818,9.60E-06
8.56E-06,,,,,,,,,,,,,,,,,,,,,,,,,,3.6762,2.2057,8.56E-06
7.48E-06,,,,,,,,,,,,,,,,,,,,,,,,,,3.2161,1.9296,7.48E-06
6.41E-06,,,,,,,,,,,,,,,,,,,,,,,,,,2.7556,1.6534,6.41E-06
5.34E-06,,,,,,,,,,,,,,,,,,,,,,,,,,2.2957,1.3774,5.34E-06
4.27E-06,,,,,,,,,,,,,,,,,,,,,,,,,,1.8368,1.1021,4.27E-06
3.21E-06,,,,,,,,,,,,,,,,,,,,,,,,,,1.378,0.82682,3.21E-06
2.14E-06,,,,,,,,,,,,,,,,,,,,,,,,,,0.91897,0.55138,2.14E-06
1.07E-06,,,,,,,,,,,,,,,,,,,,,,,,,,0.45996,0.27598,1.07E-06
7.39E-11,,,,,,,,,,,,,,,,,,,,,,,,,,3.23E-05,1.91E-05,7.39E-11
-1.07E-06,,,,,,,,,,,,,,,,,,,,,,,,,,0.45771,-0.27463,-1.07E-06
-2.13E-06,,,,,,,,,,,,,,,,,,,,,,,,,,0.91617,-0.5497,-2.13E-06
-3.20E-06,,,,,,,,,,,,,,,,,,,,,,,,,,1.3743,-0.82456,-3.20E-06
-4.26E-06,,,,,,,,,,,,,,,,,,,,,,,,,,1.8317,-1.099,-4.26E-06
-5.33E-06,,,,,,,,,,,,,,,,,,,,,,,,,,2.2889,-1.3733,-5.33E-06
-6.39E-06,,,,,,,,,,,,,,,,,,,,,,,,,,2.7468,-1.6481,-6.39E-06
-7.46E-06,,,,,,,,,,,,,,,,,,,,,,,,,,3.2048,-1.9229,-7.46E-06
-8.52E-06,,,,,,,,,,,,,,,,,,,,,,,,,,3.663,-2.1978,-8.52E-06
-9.60E-06,,,,,,,,,,,,,,,,,,,,,,,,,,4.1202,-2.4721,-9.60E-06
-1.06E-05,,,,,,,,,,,,,,,,,,,,,,,,,,4.5774,-2.7464,-1.06E-05
-1.06E-05,,,,,,,,,,,,,,,,,,,,,,,,,,4.5772,-2.7463,-1.06E-05
-9.60E-06,,,,,,,,,,,,,,,,,,,,,,,,,,4.1203,-2.4722,-9.60E-06
-8.52E-06,,,,,,,,,,,,,,,,,,,,,,,,,,3.6633,-2.198,-8.52E-06
-7.46E-06,,,,,,,,,,,,,,,,,,,,,,,,,,3.2051,-1.9231,-7.46E-06
-6.39E-06,,,,,,,,,,,,,,,,,,,,,,,,,,2.7472,-1.6483,-6.39E-06
-5.33E-06,,,,,,,,,,,,,,,,,,,,,,,,,,2.2892,-1.3735,-5.33E-06
-4.26E-06,,,,,,,,,,,,,,,,,,,,,,,,,,1.832,-1.0992,-4.26E-06
-3.20E-06,,,,,,,,,,,,,,,,,,,,,,,,,,1.3745,-0.82468,-3.20E-06
-2.13E-06,,,,,,,,,,,,,,,,,,,,,,,,,,0.91626,-0.54975,-2.13E-06
-1.06E-06,,,,,,,,,,,,,,,,,,,,,,,,,,0.45774,-0.27464,-1.06E-06
9.05E-11,,,,,,,,,,,,,,,,,,,,,,,,,,3.89E-05,2.33E-05,9.05E-11
6.07E-11,,,,,,,,,,,,,,,,,,,,,,,,,,2.60E-05,1.56E-05,6.07E-11
1.07E-06,,,,,,,,,,,,,,,,,,,,,,,,,,0.46004,0.27603,1.07E-06
2.14E-06,,,,,,,,,,,,,,,,,,,,,,,,,,0.91902,0.55141,2.14E-06
3.21E-06,,,,,,,,,,,,,,,,,,,,,,,,,,1.3781,0.82684,3.21E-06
4.28E-06,,,,,,,,,,,,,,,,,,,,,,,,,,1.8369,1.1021,4.28E-06
5.34E-06,,,,,,,,,,,,,,,,,,,,,,,,,,2.2957,1.3774,5.34E-06
6.41E-06,,,,,,,,,,,,,,,,,,,,,,,,,,2.7556,1.6534,6.41E-06
7.48E-06,,,,,,,,,,,,,,,,,,,,,,,,,,3.216,1.9296,7.48E-06
8.56E-06,,,,,,,,,,,,,,,,,,,,,,,,,,3.6766,2.206,8.56E-06
9.60E-06,,,,,,,,,,,,,,,,,,,,,,,,,,4.1366,2.4819,9.60E-06
1.07E-05,,,,,,,,,,,,,,,,,,,,,,,,,,4.5973,2.7584,1.07E-05
1.07E-05,,,,,,,,,,,,,,,,,,,,,,,,,,4.5974,2.7584,1.07E-05
9.60E-06,,,,,,,,,,,,,,,,,,,,,,,,,,4.1367,2.482,9.60E-06
8.56E-06,,,,,,,,,,,,,,,,,,,,,,,,,,3.6764,2.2058,8.56E-06
7.48E-06,,,,,,,,,,,,,,,,,,,,,,,,,,3.2158,1.9295,7.48E-06
6.41E-06,,,,,,,,,,,,,,,,,,,,,,,,,,2.7555,1.6533,6.41E-06
5.34E-06,,,,,,,,,,,,,,,,,,,,,,,,,,2.2956,1.3773,5.34E-06
4.28E-06,,,,,,,,,,,,,,,,,,,,,,,,,,1.8368,1.1021,4.28E-06
3.21E-06,,,,,,,,,,,,,,,,,,,,,,,,,,1.378,0.8268,3.21E-06
2.14E-06,,,,,,,,,,,,,,,,,,,,,,,,,,0.91893,0.55136,2.14E-06
1.07E-06,,,,,,,,,,,,,,,,,,,,,,,,,,0.45998,0.27599,1.07E-06
1.04E-10,,,,,,,,,,,,,,,,,,,,,,,,,,4.53E-05,2.68E-05,1.04E-10
-1.06E-06,,,,,,,,,,,,,,,,,,,,,,,,,,0.45768,-0.27461,-1.06E-06
-2.13E-06,,,,,,,,,,,,,,,,,,,,,,,,,,0.91618,-0.54971,-2.13E-06
-3.20E-06,,,,,,,,,,,,,,,,,,,,,,,,,,1.3743,-0.82458,-3.20E-06
-4.26E-06,,,,,,,,,,,,,,,,,,,,,,,,,,1.8318,-1.0991,-4.26E-06
-5.33E-06,,,,,,,,,,,,,,,,,,,,,,,,,,2.289,-1.3734,-5.33E-06
-6.39E-06,,,,,,,,,,,,,,,,,,,,,,,,,,2.7469,-1.6482,-6.39E-06
-7.46E-06,,,,,,,,,,,,,,,,,,,,,,,,,,3.2049,-1.9229,-7.46E-06
-8.52E-06,,,,,,,,,,,,,,,,,,,,,,,,,,3.6628,-2.1977,-8.52E-06
-9.60E-06,,,,,,,,,,,,,,,,,,,,,,,,,,4.1202,-2.4721,-9.60E-06
-1.06E-05,,,,,,,,,,,,,,,,,,,,,,,,,,4.5771,-2.7462,-1.06E-05
-1.06E-05,,,,,,,,,,,,,,,,,,,,,,,,,,4.577,-2.7462,-1.06E-05
-9.60E-06,,,,,,,,,,,,,,,,,,,,,,,,,,4.1197,-2.4718,-9.60E-06
-8.50E-06,,,,,,,,,,,,,,,,,,,,,,,,,,3.6628,-2.1977,-8.50E-06
-7.46E-06,,,,,,,,,,,,,,,,,,,,,,,,,,3.2046,-1.9227,-7.46E-06
-6.39E-06,,,,,,,,,,,,,,,,,,,,,,,,,,2.7467,-1.648,-6.39E-06
-5.33E-06,,,,,,,,,,,,,,,,,,,,,,,,,,2.2888,-1.3733,-5.33E-06
-4.26E-06,,,,,,,,,,,,,,,,,,,,,,,,,,1.8317,-1.099,-4.26E-06
-3.20E-06,,,,,,,,,,,,,,,,,,,,,,,,,,1.3742,-0.82454,-3.20E-06
-2.13E-06,,,,,,,,,,,,,,,,,,,,,,,,,,0.91616,-0.5497,-2.13E-06
-1.06E-06,,,,,,,,,,,,,,,,,,,,,,,,,,0.45769,-0.27461,-1.06E-06
